Complaint ID,Date received,Company,Product,Sub-product,Issue,Sub-issue,Submitted via,Date sent to company,Company response to consumer,Company public response,Timely response?,Tags,State,ZIP code
19168775,2026-02-01,"Maximus Federal Services, Inc.",Student loan,Federal student loan servicing,Dealing with your lender or servicer,Received bad information about your loan,Web,2026-03-03,Closed with explanation,,Yes,,IL,604XX
19177629,2026-02-02,MOHELA,Student loan,Private student loan,Dealing with your lender or servicer,Problem with customer service,Web,2026-02-02,Closed with explanation,,Yes,,NC,27320
19179001,2026-02-02,Servicer under contract with Federal Student Aid,Student loan,Federal student loan servicing,Dealing with your lender or servicer,Received bad information about your loan,Web,2026-02-02,Untimely response,,No,,WY,82009
19179485,2026-02-02,MOHELA,Student loan,Federal student loan servicing,Dealing with your lender or servicer,Trouble with how payments are being handled,Web,2026-02-02,Untimely response,,No,,TN,37920
19179924,2026-02-02,"SOFI TECHNOLOGIES, INC.",Student loan,Private student loan,Dealing with your lender or servicer,Co-signer,Web,2026-02-02,Closed with explanation,,Yes,,NY,103XX
19189009,2026-02-02,AES/PHEAA,Student loan,Private student loan,Dealing with your lender or servicer,Don't agree with the fees charged,Web,2026-02-10,Closed with explanation,,Yes,,CA,91006
19205993,2026-02-03,MOHELA,Student loan,Federal student loan servicing,Dealing with your lender or servicer,Need information about your loan balance or loan terms,Web,2026-02-03,Closed with explanation,Company believes it acted appropriately as authorized by contract or law,Yes,,IL,620XX
19214140,2026-02-03,Servicer under contract with Federal Student Aid,Student loan,Federal student loan servicing,Dealing with your lender or servicer,Problem with customer service,Web,2026-02-03,Untimely response,,No,,CT,064XX
19214601,2026-02-03,Climb Credit Inc.,Student loan,Private student loan,Dealing with your lender or servicer,Received bad information about your loan,Web,2026-02-03,Closed with explanation,,Yes,,NY,138XX
19214945,2026-02-03,AES/PHEAA,Student loan,Private student loan,Dealing with your lender or servicer,Trouble with how payments are being handled,Web,2026-02-03,Closed with explanation,,Yes,,FL,339XX
19218381,2026-02-03,MOHELA,Student loan,Federal student loan servicing,Dealing with your lender or servicer,Need information about your loan balance or loan terms,Web,2026-02-03,Untimely response,,No,,OH,451XX
19218391,2026-02-03,"Nelnet, Inc.",Student loan,Federal student loan servicing,Dealing with your lender or servicer,Don't agree with the fees charged,Web,2026-02-03,Closed with explanation,,Yes,Servicemember,PA,19335
19218786,2026-02-03,"Maximus Federal Services, Inc.",Student loan,Federal student loan servicing,Dealing with your lender or servicer,Trouble with how payments are being handled,Web,2026-02-03,Closed with explanation,,Yes,,WV,266XX
19220696,2026-02-03,EdFinancial Services,Student loan,Federal student loan servicing,Dealing with your lender or servicer,Don't agree with the fees charged,Web,2026-02-03,Closed with explanation,,Yes,,CA,945XX
19221972,2026-02-03,Servicer under contract with Federal Student Aid,Student loan,Federal student loan servicing,Dealing with your lender or servicer,Received bad information about your loan,Web,2026-02-05,Untimely response,,No,,NJ,083XX
19222370,2026-02-03,"Nelnet, Inc.",Student loan,Federal student loan servicing,Dealing with your lender or servicer,Trouble with how payments are being handled,Web,2026-02-03,Closed with explanation,,Yes,,CA,95118
19222630,2026-02-03,EdFinancial Services,Student loan,Federal student loan servicing,Dealing with your lender or servicer,Trouble with how payments are being handled,Web,2026-02-03,Closed with explanation,,Yes,,CA,94530
19224360,2026-02-03,SLM CORPORATION,Student loan,Private student loan,Dealing with your lender or servicer,Trouble with how payments are being handled,Web,2026-02-03,Closed with explanation,Company believes it acted appropriately as authorized by contract or law,Yes,,MI,49024
19234207,2026-02-04,"Maximus Federal Services, Inc.",Student loan,Federal student loan servicing,Dealing with your lender or servicer,Received bad information about your loan,Web,2026-02-04,Closed with explanation,,Yes,,GA,30236
19237467,2026-02-04,MOHELA,Student loan,Federal student loan servicing,Dealing with your lender or servicer,Problem with customer service,Web,2026-02-04,Untimely response,,No,Servicemember,IL,60438
19240533,2026-02-04,EdFinancial Services,Student loan,Federal student loan servicing,Dealing with your lender or servicer,Trouble with how payments are being handled,Web,2026-02-04,Closed with explanation,,Yes,Servicemember,SC,XXXXX
19241381,2026-02-04,"FirstKey Holdings, LLC",Student loan,Private student loan,Dealing with your lender or servicer,Received bad information about your loan,Web,2026-02-10,Closed with explanation,Company has responded to the consumer and the CFPB and chooses not to provide a public response,Yes,,MD,20874
19242172,2026-02-04,MOHELA,Student loan,Federal student loan servicing,Dealing with your lender or servicer,Received bad information about your loan,Web,2026-02-04,Closed with explanation,,Yes,Servicemember,SC,291XX
19242951,2026-02-04,MOHELA,Student loan,Federal student loan servicing,Dealing with your lender or servicer,Trouble with how payments are being handled,Web,2026-02-04,Untimely response,,No,,PA,152XX
19243491,2026-02-04,"Nelnet, Inc.",Student loan,Federal student loan servicing,Dealing with your lender or servicer,Problem with customer service,Web,2026-02-04,Closed with explanation,,Yes,,TX,XXXXX
19245562,2026-02-04,Texas Guaranteed,Student loan,Federal student loan servicing,Dealing with your lender or servicer,Received bad information about your loan,Web,2026-02-04,Closed with explanation,Company believes it acted appropriately as authorized by contract or law,Yes,,NY,11510
19245635,2026-02-04,Central Research Inc,Student loan,Federal student loan servicing,Dealing with your lender or servicer,Need information about your loan balance or loan terms,Web,2026-02-04,Closed with explanation,,Yes,,MO,64093
19253049,2026-02-04,Servicer under contract with Federal Student Aid,Student loan,Federal student loan servicing,Dealing with your lender or servicer,Problem with customer service,Web,2026-02-10,Untimely response,,No,Servicemember,KY,410XX
19263527,2026-02-05,Servicer under contract with Federal Student Aid,Student loan,Federal student loan servicing,Dealing with your lender or servicer,Problem with customer service,Web,2026-02-10,Untimely response,,No,,CA,XXXXX
19263590,2026-02-05,MOHELA,Student loan,Federal student loan servicing,Dealing with your lender or servicer,Problem with customer service,Web,2026-02-05,Closed with explanation,,No,,CA,XXXXX
19268587,2026-02-05,"Nelnet, Inc.",Student loan,Federal student loan servicing,Dealing with your lender or servicer,Problem with customer service,Web,2026-02-05,Closed with explanation,,Yes,,OK,73034
19270752,2026-02-05,MOHELA,Student loan,Federal student loan servicing,Dealing with your lender or servicer,Trouble with how payments are being handled,Web,2026-03-23,Closed with explanation,Company believes it acted appropriately as authorized by contract or law,No,Servicemember,MD,21015
19272190,2026-02-05,MOHELA,Student loan,Federal student loan servicing,Dealing with your lender or servicer,Trouble with how payments are being handled,Web,2026-02-05,Closed with explanation,Company believes it acted appropriately as authorized by contract or law,No,,MO,641XX
19272733,2026-02-05,MOHELA,Student loan,Federal student loan servicing,Dealing with your lender or servicer,Received bad information about your loan,Web,2026-02-05,Closed with explanation,,No,,NH,037XX
19276888,2026-02-05,MOHELA,Student loan,Federal student loan servicing,Dealing with your lender or servicer,Don't agree with the fees charged,Web,2026-02-05,Untimely response,,No,,NC,28215
19278456,2026-02-05,"Maximus Federal Services, Inc.",Student loan,Federal student loan servicing,Dealing with your lender or servicer,Trouble with how payments are being handled,Web,2026-02-05,Closed with explanation,,Yes,Servicemember,CA,95648
19283729,2026-02-05,WELLS FARGO & COMPANY,Student loan,Private student loan,Dealing with your lender or servicer,Received bad information about your loan,Web,2026-02-05,Closed with explanation,Company has responded to the consumer and the CFPB and chooses not to provide a public response,Yes,,CO,815XX
19286668,2026-02-05,"Maximus Federal Services, Inc.",Student loan,Federal student loan servicing,Dealing with your lender or servicer,Received bad information about your loan,Web,2026-02-05,Closed with explanation,,Yes,"Older American, Servicemember",NY,117XX
19288573,2026-02-05,"Nelnet, Inc.",Student loan,Federal student loan servicing,Dealing with your lender or servicer,Received bad information about your loan,Web,2026-02-05,Closed with explanation,,Yes,,TX,764XX
19294296,2026-02-06,Servicer under contract with Federal Student Aid,Student loan,Federal student loan servicing,Dealing with your lender or servicer,Received bad information about your loan,Web,2026-03-12,Untimely response,,No,,KS,667XX
19336962,2026-02-08,"Nelnet, Inc.",Student loan,Federal student loan servicing,Dealing with your lender or servicer,Received bad information about your loan,Web,2026-02-08,Closed with explanation,,Yes,,MS,395XX
19340007,2026-02-08,"Nelnet, Inc.",Student loan,Federal student loan servicing,Dealing with your lender or servicer,Trouble with how payments are being handled,Web,2026-02-08,Closed with explanation,,Yes,,IA,503XX
19340589,2026-02-08,MOHELA,Student loan,Federal student loan servicing,Dealing with your lender or servicer,Trouble with how payments are being handled,Web,2026-02-08,Untimely response,,No,,MI,48858
19340925,2026-02-08,"Nelnet, Inc.",Student loan,Federal student loan servicing,Dealing with your lender or servicer,Received bad information about your loan,Web,2026-02-08,Closed with explanation,,Yes,,CA,XXXXX
19342490,2026-02-08,"Maximus Federal Services, Inc.",Student loan,Federal student loan servicing,Dealing with your lender or servicer,Received bad information about your loan,Web,2026-03-02,Closed with explanation,,Yes,,ME,044XX
19342834,2026-02-08,Climb Credit Inc.,Student loan,Private student loan,Dealing with your lender or servicer,Received bad information about your loan,Web,2026-02-08,Closed with explanation,,Yes,,NY,109XX
19344607,2026-02-09,SLM CORPORATION,Student loan,Private student loan,Dealing with your lender or servicer,Trouble with how payments are being handled,Web,2026-02-09,Closed with explanation,Company believes it acted appropriately as authorized by contract or law,Yes,,CA,93405
19345091,2026-02-09,"Maximus Federal Services, Inc.",Student loan,Federal student loan servicing,Dealing with your lender or servicer,Received bad information about your loan,Web,2026-02-12,Closed with explanation,,Yes,,FL,33463
19345160,2026-02-09,"Maximus Federal Services, Inc.",Student loan,Federal student loan servicing,Dealing with your lender or servicer,Received bad information about your loan,Web,2026-02-09,Closed with explanation,,Yes,,FL,33463
19345892,2026-02-09,MOHELA,Student loan,Federal student loan servicing,Dealing with your lender or servicer,Received bad information about your loan,Web,2026-02-09,Untimely response,,No,,NY,10550
19347046,2026-02-09,MOHELA,Student loan,Federal student loan servicing,Dealing with your lender or servicer,Trouble with how payments are being handled,Web,2026-02-09,Closed with explanation,,Yes,,TN,38109
19351900,2026-02-09,"Maximus Federal Services, Inc.",Student loan,Federal student loan servicing,Dealing with your lender or servicer,Need information about your loan balance or loan terms,Web,2026-03-26,Closed with explanation,,Yes,,FL,322XX
19354929,2026-02-09,MOHELA,Student loan,Private student loan,Dealing with your lender or servicer,Received bad information about your loan,Web,2026-02-09,Closed with explanation,,Yes,,IL,60133
19357020,2026-02-09,MOHELA,Student loan,Private student loan,Dealing with your lender or servicer,Trouble with how payments are being handled,Web,2026-02-09,Untimely response,,No,,ME,049XX
19358021,2026-02-09,MOHELA,Student loan,Federal student loan servicing,Dealing with your lender or servicer,Trouble with how payments are being handled,Web,2026-02-09,Untimely response,,No,,UT,84790
19358314,2026-02-09,"Nelnet, Inc.",Student loan,Federal student loan servicing,Dealing with your lender or servicer,Received bad information about your loan,Web,2026-02-09,Closed with explanation,,Yes,,ND,58703
19359434,2026-02-09,MOHELA,Student loan,Federal student loan servicing,Dealing with your lender or servicer,Need information about your loan balance or loan terms,Web,2026-02-09,Closed with explanation,,Yes,,OH,44883
19360518,2026-02-09,Central Research Inc,Student loan,Federal student loan servicing,Dealing with your lender or servicer,Trouble with how payments are being handled,Web,2026-02-09,Closed with explanation,,Yes,Servicemember,SC,293XX
19362555,2026-02-09,"Nelnet, Inc.",Student loan,Federal student loan servicing,Dealing with your lender or servicer,Don't agree with the fees charged,Web,2026-02-09,Closed with explanation,,Yes,,,33625
19365188,2026-02-09,Central Research Inc,Student loan,Federal student loan servicing,Dealing with your lender or servicer,Trouble with how payments are being handled,Web,2026-02-09,Closed with explanation,,Yes,,TX,78045
19385304,2026-02-10,"Maximus Federal Services, Inc.",Student loan,Federal student loan servicing,Dealing with your lender or servicer,Trouble with how payments are being handled,Web,2026-02-10,Closed with explanation,,Yes,"Older American, Servicemember",NY,117XX
19387321,2026-02-10,EdFinancial Services,Student loan,Federal student loan servicing,Dealing with your lender or servicer,Received bad information about your loan,Web,2026-02-10,Closed with explanation,,Yes,,VA,225XX
19388851,2026-02-10,"Nelnet, Inc.",Student loan,Federal student loan servicing,Dealing with your lender or servicer,Don't agree with the fees charged,Web,2026-02-10,Closed with explanation,,Yes,,CA,91331
19408962,2026-02-11,"Maximus Federal Services, Inc.",Student loan,Federal student loan servicing,Dealing with your lender or servicer,Need information about your loan balance or loan terms,Web,2026-03-25,Closed with explanation,,Yes,Servicemember,TX,78660
19410021,2026-02-11,MOHELA,Student loan,Federal student loan servicing,Dealing with your lender or servicer,Trouble with how payments are being handled,Web,2026-02-11,Untimely response,,No,,FL,33165
19413811,2026-02-11,EdFinancial Services,Student loan,Federal student loan servicing,Dealing with your lender or servicer,Trouble with how payments are being handled,Web,2026-02-11,Closed with explanation,,Yes,,AR,72712
19415653,2026-02-11,MOHELA,Student loan,Federal student loan servicing,Dealing with your lender or servicer,Trouble with how payments are being handled,Web,2026-02-11,Untimely response,,No,,WI,547XX
19420226,2026-02-11,MOHELA,Student loan,Federal student loan servicing,Dealing with your lender or servicer,Received bad information about your loan,Web,2026-02-11,Untimely response,,No,,PA,15317
19420823,2026-02-11,Servicer under contract with Federal Student Aid,Student loan,Federal student loan servicing,Dealing with your lender or servicer,Trouble with how payments are being handled,Web,2026-02-11,Untimely response,,No,,MO,63128
19420966,2026-02-11,AES/PHEAA,Student loan,Private student loan,Dealing with your lender or servicer,Received bad information about your loan,Web,2026-02-11,Closed with explanation,,Yes,,CA,92103
19443313,2026-02-12,"Maximus Federal Services, Inc.",Student loan,Federal student loan servicing,Dealing with your lender or servicer,Keep getting calls about your loan,Web,2026-02-12,Closed with explanation,,Yes,,GA,30180
19445979,2026-02-12,SLM CORPORATION,Student loan,Private student loan,Dealing with your lender or servicer,Problem with customer service,Web,2026-02-12,Closed with explanation,Company believes it acted appropriately as authorized by contract or law,Yes,,PA,165XX
19448878,2026-02-12,"Nelnet, Inc.",Student loan,Federal student loan servicing,Dealing with your lender or servicer,Received bad information about your loan,Web,2026-02-12,Closed with explanation,,Yes,,FL,33186
19449705,2026-02-12,EdFinancial Services,Student loan,Federal student loan servicing,Dealing with your lender or servicer,Problem with customer service,Web,2026-02-12,Closed with explanation,,Yes,Servicemember,CA,92028
19452434,2026-02-12,SLM CORPORATION,Student loan,Private student loan,Dealing with your lender or servicer,Received bad information about your loan,Web,2026-02-12,Closed with non-monetary relief,Company believes it acted appropriately as authorized by contract or law,Yes,,DE,19973
19452762,2026-02-12,MOHELA,Student loan,Federal student loan servicing,Dealing with your lender or servicer,Received bad information about your loan,Web,2026-02-12,Untimely response,,No,,OK,73170
19453778,2026-02-12,MOHELA,Student loan,Federal student loan servicing,Dealing with your lender or servicer,Received bad information about your loan,Web,2026-02-12,Untimely response,,No,,CO,80231
19454918,2026-02-12,"Maximus Federal Services, Inc.",Student loan,Federal student loan servicing,Dealing with your lender or servicer,Received bad information about your loan,Web,2026-02-19,Closed with explanation,,Yes,,PA,19151
19456186,2026-02-12,SLM CORPORATION,Student loan,Private student loan,Dealing with your lender or servicer,Keep getting calls about your loan,Web,2026-02-12,Closed with explanation,Company believes it acted appropriately as authorized by contract or law,Yes,,IN,47408
19458686,2026-02-12,"Nelnet, Inc.",Student loan,Federal student loan servicing,Dealing with your lender or servicer,Don't agree with the fees charged,Web,2026-02-12,Closed with explanation,,Yes,,TX,77021
19458944,2026-02-12,"Nelnet, Inc.",Student loan,Private student loan,Dealing with your lender or servicer,Trouble with how payments are being handled,Web,2026-02-12,Closed with explanation,,Yes,,OK,730XX
19459196,2026-02-12,SLM CORPORATION,Student loan,Private student loan,Dealing with your lender or servicer,Received bad information about your loan,Web,2026-02-12,Closed with explanation,Company believes it acted appropriately as authorized by contract or law,Yes,,VA,23322
19466819,2026-02-12,EdFinancial Services,Student loan,Federal student loan servicing,Dealing with your lender or servicer,Received bad information about your loan,Web,2026-03-03,Closed with explanation,,Yes,,IL,60622
19514554,2026-02-15,"Portnoy Schneck, L.L.C.",Student loan,Private student loan,Dealing with your lender or servicer,Received bad information about your loan,Web,2026-02-15,Closed with explanation,,Yes,,NJ,XXXXX
19514641,2026-02-15,MOHELA,Student loan,Federal student loan servicing,Dealing with your lender or servicer,Received bad information about your loan,Web,2026-02-15,Untimely response,,No,,NV,89074
19514665,2026-02-15,MOHELA,Student loan,Federal student loan servicing,Dealing with your lender or servicer,Received bad information about your loan,Web,2026-02-15,Untimely response,,No,,CA,95127
19514910,2026-02-15,"Nelnet, Inc.",Student loan,Federal student loan servicing,Dealing with your lender or servicer,Problem with customer service,Web,2026-02-15,Closed with explanation,,Yes,,FL,32771
19516421,2026-02-15,"Nelnet, Inc.",Student loan,Federal student loan servicing,Dealing with your lender or servicer,Trouble with how payments are being handled,Web,2026-02-15,Closed with explanation,,Yes,Servicemember,MO,640XX
19516945,2026-02-16,MOHELA,Student loan,Federal student loan servicing,Dealing with your lender or servicer,Received bad information about your loan,Web,2026-02-16,Closed with explanation,,Yes,,NV,897XX
19524191,2026-02-16,"Nelnet, Inc.",Student loan,Federal student loan servicing,Dealing with your lender or servicer,Received bad information about your loan,Web,2026-02-16,Closed with explanation,,Yes,,SC,XXXXX
19526587,2026-02-16,MOHELA,Student loan,Federal student loan servicing,Dealing with your lender or servicer,Trouble with how payments are being handled,Web,2026-02-16,Untimely response,,No,Older American,MA,026XX
19527406,2026-02-16,MOHELA,Student loan,Federal student loan servicing,Dealing with your lender or servicer,Received bad information about your loan,Web,2026-02-16,Untimely response,,No,,TX,77316
19527862,2026-02-16,"Nelnet, Inc.",Student loan,Federal student loan servicing,Dealing with your lender or servicer,Received bad information about your loan,Web,2026-02-16,Closed with explanation,,Yes,,TX,77316
19529595,2026-02-16,MOHELA,Student loan,Federal student loan servicing,Dealing with your lender or servicer,Received bad information about your loan,Web,2026-02-16,Closed with explanation,Company believes it acted appropriately as authorized by contract or law,No,,FL,33009
19532363,2026-02-16,MOHELA,Student loan,Federal student loan servicing,Dealing with your lender or servicer,Problem with customer service,Web,2026-02-16,Untimely response,,No,,FL,329XX
19534349,2026-02-16,MOHELA,Student loan,Federal student loan servicing,Dealing with your lender or servicer,Don't agree with the fees charged,Web,2026-02-16,Untimely response,,No,,PA,15301
19535609,2026-02-16,MOHELA,Student loan,Federal student loan servicing,Dealing with your lender or servicer,Trouble with how payments are being handled,Web,2026-02-16,Closed with explanation,,Yes,,MA,015XX
19536282,2026-02-16,MOHELA,Student loan,Federal student loan servicing,Dealing with your lender or servicer,Problem with customer service,Web,2026-02-16,Closed with explanation,,Yes,Older American,FL,334XX
19537725,2026-02-16,"Nelnet, Inc.",Student loan,Federal student loan servicing,Dealing with your lender or servicer,Trouble with how payments are being handled,Web,2026-02-16,Closed with explanation,,Yes,,NY,10573
19538991,2026-02-16,MOHELA,Student loan,Federal student loan servicing,Dealing with your lender or servicer,Received bad information about your loan,Web,2026-02-16,Closed with explanation,,No,,NC,27701
19539213,2026-02-16,MOHELA,Student loan,Federal student loan servicing,Dealing with your lender or servicer,Trouble with how payments are being handled,Web,2026-02-16,Closed with explanation,,No,,OR,97214
19539611,2026-02-16,"Navient Solutions, LLC.",Student loan,Private student loan,Dealing with your lender or servicer,Need information about your loan balance or loan terms,Web,2026-02-16,Closed with explanation,,Yes,,WI,53208
19540032,2026-02-16,MOHELA,Student loan,Federal student loan servicing,Dealing with your lender or servicer,Don't agree with the fees charged,Web,2026-02-16,Closed with explanation,,No,,CA,956XX
19540668,2026-02-16,"Nelnet, Inc.",Student loan,Federal student loan servicing,Dealing with your lender or servicer,Received bad information about your loan,Web,2026-02-16,Closed with explanation,,Yes,,FL,32606
19544835,2026-02-17,MOHELA,Student loan,Federal student loan servicing,Dealing with your lender or servicer,Received bad information about your loan,Web,2026-02-17,Closed with explanation,,No,,FL,32750
19554539,2026-02-17,MOHELA,Student loan,Federal student loan servicing,Dealing with your lender or servicer,Received bad information about your loan,Web,2026-02-17,Untimely response,,No,,NJ,XXXXX
19561897,2026-02-17,"Nelnet, Inc.",Student loan,Federal student loan servicing,Dealing with your lender or servicer,Received bad information about your loan,Web,2026-02-17,Closed with explanation,,Yes,,CO,810XX
19565067,2026-02-17,"Maximus Federal Services, Inc.",Student loan,Federal student loan servicing,Dealing with your lender or servicer,Received bad information about your loan,Web,2026-03-02,Closed with explanation,,Yes,,GA,30253
19565808,2026-02-17,"Nelnet, Inc.",Student loan,Federal student loan servicing,Dealing with your lender or servicer,Received bad information about your loan,Web,2026-02-17,Closed with explanation,,Yes,,CT,XXXXX
19566709,2026-02-17,SLM CORPORATION,Student loan,Private student loan,Dealing with your lender or servicer,Keep getting calls about your loan,Web,2026-02-17,Closed with non-monetary relief,Company believes it acted appropriately as authorized by contract or law,Yes,,KS,66441
19572281,2026-02-17,Servicer under contract with Federal Student Aid,Student loan,Federal student loan servicing,Dealing with your lender or servicer,Received bad information about your loan,Web,2026-02-17,Untimely response,,No,,CA,91324
19573458,2026-02-17,"Nelnet, Inc.",Student loan,Federal student loan servicing,Dealing with your lender or servicer,Trouble with how payments are being handled,Web,2026-02-17,Closed with explanation,,Yes,,CA,92336
19573986,2026-02-17,MOHELA,Student loan,Private student loan,Dealing with your lender or servicer,Problem with customer service,Web,2026-02-18,Closed with explanation,,Yes,,NC,27320
19574796,2026-02-18,MOHELA,Student loan,Federal student loan servicing,Dealing with your lender or servicer,Problem with customer service,Web,2026-02-18,Closed with explanation,,No,,VA,230XX
19574982,2026-02-18,EdFinancial Services,Student loan,Federal student loan servicing,Dealing with your lender or servicer,Trouble with how payments are being handled,Web,2026-02-18,Closed with explanation,,Yes,Servicemember,CO,80817
19578726,2026-02-18,"Nelnet, Inc.",Student loan,Private student loan,Dealing with your lender or servicer,Trouble with how payments are being handled,Web,2026-02-18,Closed with explanation,,Yes,Servicemember,TX,79907
19582634,2026-02-18,"Maximus Federal Services, Inc.",Student loan,Federal student loan servicing,Dealing with your lender or servicer,Received bad information about your loan,Web,2026-02-18,Closed with explanation,,Yes,,MN,55434
19584663,2026-02-18,MOHELA,Student loan,Private student loan,Dealing with your lender or servicer,Don't agree with the fees charged,Web,2026-02-18,Closed with explanation,,Yes,,FL,33321
19599012,2026-02-18,MOHELA,Student loan,Private student loan,Dealing with your lender or servicer,Trouble with how payments are being handled,Web,2026-03-31,Closed with explanation,,Yes,,DE,19711
19613644,2026-02-19,MOHELA,Student loan,Federal student loan servicing,Dealing with your lender or servicer,Received bad information about your loan,Web,2026-02-19,Closed with explanation,Company believes it acted appropriately as authorized by contract or law,Yes,,GA,30813
19616530,2026-02-19,MOHELA,Student loan,Federal student loan servicing,Dealing with your lender or servicer,Need information about your loan balance or loan terms,Web,2026-02-19,Closed with explanation,Company believes it acted appropriately as authorized by contract or law,Yes,,OH,44139
19618830,2026-02-19,MOHELA,Student loan,Federal student loan servicing,Dealing with your lender or servicer,Received bad information about your loan,Web,2026-02-19,Untimely response,,No,,NJ,07080
19619578,2026-02-19,"Maximus Federal Services, Inc.",Student loan,Federal student loan servicing,Dealing with your lender or servicer,Trouble with how payments are being handled,Web,2026-02-19,Closed with explanation,,Yes,"Older American, Servicemember",NY,117XX
19620450,2026-02-19,"Navient Solutions, LLC.",Student loan,Private student loan,Dealing with your lender or servicer,Received bad information about your loan,Web,2026-02-19,Closed with explanation,,Yes,,IL,60133
19620559,2026-02-19,MOHELA,Student loan,Private student loan,Dealing with your lender or servicer,Received bad information about your loan,Web,2026-02-19,Closed with explanation,,Yes,,IL,60133
19620827,2026-02-19,MOHELA,Student loan,Federal student loan servicing,Dealing with your lender or servicer,Trouble with how payments are being handled,Web,2026-02-19,Untimely response,,No,,PA,15216
19622837,2026-02-19,AES/PHEAA,Student loan,Private student loan,Dealing with your lender or servicer,Trouble with how payments are being handled,Web,2026-02-19,Closed with explanation,,Yes,,OR,97124
19624007,2026-02-19,"Maximus Federal Services, Inc.",Student loan,Federal student loan servicing,Dealing with your lender or servicer,Received bad information about your loan,Web,2026-02-19,Closed with explanation,,Yes,,NJ,07052
19627046,2026-02-19,Servicer under contract with Federal Student Aid,Student loan,Federal student loan servicing,Dealing with your lender or servicer,Trouble with how payments are being handled,Web,2026-02-19,Untimely response,,No,,IL,60620
19627471,2026-02-19,"Nelnet, Inc.",Student loan,Federal student loan servicing,Dealing with your lender or servicer,Trouble with how payments are being handled,Web,2026-02-19,Closed with explanation,,Yes,,NY,10029
19628188,2026-02-19,"Maximus Federal Services, Inc.",Student loan,Federal student loan servicing,Dealing with your lender or servicer,Don't agree with the fees charged,Web,2026-02-19,Closed with explanation,,Yes,Older American,FL,33579
19631034,2026-02-19,MOHELA,Student loan,Federal student loan servicing,Dealing with your lender or servicer,Received bad information about your loan,Web,2026-02-19,Untimely response,,No,,TX,770XX
19635129,2026-02-19,"Navient Solutions, LLC.",Student loan,Federal student loan servicing,Dealing with your lender or servicer,Trouble with how payments are being handled,Web,2026-02-19,Closed with explanation,,Yes,Servicemember,OR,97302
19638322,2026-02-19,"Maximus Federal Services, Inc.",Student loan,Federal student loan servicing,Dealing with your lender or servicer,Received bad information about your loan,Web,2026-02-24,Closed with explanation,,Yes,,MI,48154
19639070,2026-02-19,"Nelnet, Inc.",Student loan,Private student loan,Dealing with your lender or servicer,Received bad information about your loan,Web,2026-02-19,Closed with explanation,,Yes,,MO,633XX
19639116,2026-02-19,MOHELA,Student loan,Federal student loan servicing,Dealing with your lender or servicer,Problem with customer service,Web,2026-02-19,Untimely response,,No,,NJ,07748
19641026,2026-02-20,MOHELA,Student loan,Federal student loan servicing,Dealing with your lender or servicer,Trouble with how payments are being handled,Web,2026-03-02,Closed with explanation,,No,Servicemember,TX,77520
19654050,2026-02-20,"Maximus Federal Services, Inc.",Student loan,Federal student loan servicing,Dealing with your lender or servicer,Received bad information about your loan,Web,2026-02-20,Closed with explanation,,Yes,,GA,30252
19657293,2026-02-20,"Navient Solutions, LLC.",Student loan,Federal student loan servicing,Dealing with your lender or servicer,Trouble with how payments are being handled,Web,2026-02-20,Closed with explanation,,Yes,,CA,90603
19658037,2026-02-20,EdFinancial Services,Student loan,Federal student loan servicing,Dealing with your lender or servicer,Don't agree with the fees charged,Web,2026-06-04,Closed with explanation,,Yes,,MI,48150
19658678,2026-02-20,MOHELA,Student loan,Federal student loan servicing,Dealing with your lender or servicer,Received bad information about your loan,Web,2026-02-20,Closed with explanation,Company believes it acted appropriately as authorized by contract or law,No,,PA,17202
19661556,2026-02-20,"Navient Solutions, LLC.",Student loan,Private student loan,Dealing with your lender or servicer,Trouble with how payments are being handled,Web,2026-02-20,Closed with explanation,,Yes,Older American,TX,77084
19662029,2026-02-20,MOHELA,Student loan,Federal student loan servicing,Dealing with your lender or servicer,Problem with customer service,Web,2026-02-20,Untimely response,,No,,LA,708XX
19666089,2026-02-20,MOHELA,Student loan,Federal student loan servicing,Dealing with your lender or servicer,Received bad information about your loan,Web,2026-02-20,Untimely response,,No,Older American,PA,18103
19667157,2026-02-20,"Maximus Federal Services, Inc.",Student loan,Federal student loan servicing,Dealing with your lender or servicer,Trouble with how payments are being handled,Web,2026-02-20,Closed with explanation,,Yes,,IL,60076
19667974,2026-02-20,"Nelnet, Inc.",Student loan,Federal student loan servicing,Dealing with your lender or servicer,Trouble with how payments are being handled,Web,2026-02-20,Closed with explanation,,Yes,,TX,770XX
19670073,2026-02-20,MOHELA,Student loan,Federal student loan servicing,Dealing with your lender or servicer,Problem with customer service,Web,2026-02-20,Untimely response,,No,Older American,CA,91711
19673036,2026-02-21,Climb Credit Inc.,Student loan,Private student loan,Dealing with your lender or servicer,Problem with customer service,Web,2026-03-02,Closed with explanation,,Yes,,CA,95363
19674314,2026-02-21,"Navient Solutions, LLC.",Student loan,Federal student loan servicing,Dealing with your lender or servicer,Don't agree with the fees charged,Web,2026-02-21,Closed with explanation,,Yes,,MS,395XX
19675260,2026-02-21,MOHELA,Student loan,Federal student loan servicing,Dealing with your lender or servicer,Received bad information about your loan,Web,2026-02-21,Untimely response,,No,,IN,47303
19680459,2026-02-21,MOHELA,Student loan,Federal student loan servicing,Dealing with your lender or servicer,Received bad information about your loan,Web,2026-02-21,Untimely response,,No,,NC,27302
19681643,2026-02-21,MOHELA,Student loan,Federal student loan servicing,Dealing with your lender or servicer,Need information about your loan balance or loan terms,Web,2026-02-21,Untimely response,,No,Servicemember,TX,782XX
19681866,2026-02-21,MOHELA,Student loan,Federal student loan servicing,Dealing with your lender or servicer,Don't agree with the fees charged,Web,2026-02-21,Untimely response,,No,,TX,786XX
19682504,2026-02-21,MOHELA,Student loan,Federal student loan servicing,Dealing with your lender or servicer,Received bad information about your loan,Web,2026-02-21,Untimely response,,No,,IL,60181
19682638,2026-02-21,SLM CORPORATION,Student loan,Private student loan,Dealing with your lender or servicer,Received bad information about your loan,Web,2026-02-21,Closed with explanation,Company believes it acted appropriately as authorized by contract or law,Yes,,MI,48126
19683322,2026-02-21,"Maximus Federal Services, Inc.",Student loan,Federal student loan servicing,Dealing with your lender or servicer,Received bad information about your loan,Web,2026-02-21,Closed with explanation,,Yes,Servicemember,FL,331XX
19684118,2026-02-21,Servicer under contract with Federal Student Aid,Student loan,Federal student loan servicing,Dealing with your lender or servicer,Problem with customer service,Web,2026-03-05,Untimely response,,No,,MO,653XX
19684514,2026-02-21,Servicer under contract with Federal Student Aid,Student loan,Federal student loan servicing,Dealing with your lender or servicer,Trouble with how payments are being handled,Web,2026-02-21,Untimely response,,No,,OH,44883
19684926,2026-02-21,"Navient Solutions, LLC.",Student loan,Federal student loan servicing,Dealing with your lender or servicer,Received bad information about your loan,Web,2026-02-21,Closed with explanation,,Yes,,NV,897XX
19685140,2026-02-21,"Nelnet, Inc.",Student loan,Federal student loan servicing,Dealing with your lender or servicer,Don't agree with the fees charged,Web,2026-03-05,Closed with explanation,,Yes,,TN,38115
19685378,2026-02-21,MOHELA,Student loan,Federal student loan servicing,Dealing with your lender or servicer,Received bad information about your loan,Web,2026-03-02,Untimely response,,No,Servicemember,MN,55016
19686566,2026-02-22,"Maximus Federal Services, Inc.",Student loan,Federal student loan servicing,Dealing with your lender or servicer,Don't agree with the fees charged,Web,2026-02-24,Closed with explanation,,Yes,,IL,60643
19686643,2026-02-22,AES/PHEAA,Student loan,Federal student loan servicing,Dealing with your lender or servicer,Received bad information about your loan,Web,2026-02-22,Closed with explanation,,Yes,,IL,60644
19687306,2026-02-22,"Nelnet, Inc.",Student loan,Federal student loan servicing,Dealing with your lender or servicer,Don't agree with the fees charged,Web,2026-02-22,Closed with explanation,,Yes,,CO,81212
19687362,2026-02-22,MOHELA,Student loan,Federal student loan servicing,Dealing with your lender or servicer,Need information about your loan balance or loan terms,Web,2026-02-22,Untimely response,,No,,NY,10029
19687379,2026-02-22,"Nelnet, Inc.",Student loan,Federal student loan servicing,Dealing with your lender or servicer,Need information about your loan balance or loan terms,Web,2026-02-22,Closed with explanation,,Yes,,TX,75126
19687688,2026-02-22,"Lefkoff, Rubin, Gleason, Russo & Williams, P.C.",Student loan,Federal student loan servicing,Dealing with your lender or servicer,Don't agree with the fees charged,Web,2026-03-02,Closed with explanation,,Yes,,GA,30144
19688120,2026-02-22,EdFinancial Services,Student loan,Federal student loan servicing,Dealing with your lender or servicer,Trouble with how payments are being handled,Web,2026-02-22,Closed with explanation,,Yes,,MD,219XX
19691167,2026-02-22,"Maximus Federal Services, Inc.",Student loan,Federal student loan servicing,Dealing with your lender or servicer,Received bad information about your loan,Web,2026-02-24,Closed with explanation,,Yes,,MI,49024
19691502,2026-02-22,MOHELA,Student loan,Federal student loan servicing,Dealing with your lender or servicer,Received bad information about your loan,Web,2026-02-22,Untimely response,,No,,TX,78704
19691529,2026-02-22,MOHELA,Student loan,Federal student loan servicing,Dealing with your lender or servicer,Trouble with how payments are being handled,Web,2026-02-22,Untimely response,,No,Servicemember,NY,136XX
19692045,2026-02-22,"ECMC GROUP, INC.",Student loan,Private student loan,Dealing with your lender or servicer,Need information about your loan balance or loan terms,Web,2026-02-22,Closed with explanation,Company has responded to the consumer and the CFPB and chooses not to provide a public response,Yes,,ID,83702
19692274,2026-02-22,MOHELA,Student loan,Federal student loan servicing,Dealing with your lender or servicer,Trouble with how payments are being handled,Web,2026-02-22,Untimely response,,No,,WA,985XX
19693208,2026-02-22,Climb Credit Inc.,Student loan,Private student loan,Dealing with your lender or servicer,Received bad information about your loan,Web,2026-02-22,Closed with explanation,,Yes,,NY,109XX
19693338,2026-02-22,"Cedars Business Services, LLC",Student loan,Federal student loan servicing,Dealing with your lender or servicer,Trouble with how payments are being handled,Web,2026-02-22,Closed with explanation,,Yes,Older American,MI,XXXXX
19694890,2026-02-23,MOHELA,Student loan,Private student loan,Dealing with your lender or servicer,Trouble with how payments are being handled,Web,2026-02-23,Closed with explanation,,Yes,,FL,33321
19696456,2026-02-23,"Nelnet, Inc.",Student loan,Private student loan,Dealing with your lender or servicer,Trouble with how payments are being handled,Web,2026-02-23,Closed with explanation,,Yes,,PA,152XX
19703517,2026-02-23,MOHELA,Student loan,Federal student loan servicing,Dealing with your lender or servicer,Received bad information about your loan,Web,2026-02-23,Untimely response,,No,,ME,039XX
19705436,2026-02-23,"Maximus Federal Services, Inc.",Student loan,Private student loan,Dealing with your lender or servicer,Received bad information about your loan,Web,2026-03-25,Closed with explanation,,Yes,,OH,440XX
19716911,2026-02-23,"Navient Solutions, LLC.",Student loan,Private student loan,Dealing with your lender or servicer,Trouble with how payments are being handled,Web,2026-02-23,Closed with explanation,,Yes,,VA,24502
19719956,2026-02-23,"Navient Solutions, LLC.",Student loan,Federal student loan servicing,Dealing with your lender or servicer,Trouble with how payments are being handled,Web,2026-02-23,Closed with explanation,,Yes,,PA,152XX
19723824,2026-02-24,MOHELA,Student loan,Federal student loan servicing,Dealing with your lender or servicer,Trouble with how payments are being handled,Web,2026-02-24,Untimely response,,No,,TX,75082
19724075,2026-02-24,MOHELA,Student loan,Federal student loan servicing,Dealing with your lender or servicer,Received bad information about your loan,Web,2026-02-24,Untimely response,,No,,TX,75039
19725025,2026-02-24,MOHELA,Student loan,Federal student loan servicing,Dealing with your lender or servicer,Received bad information about your loan,Web,2026-02-24,Closed with explanation,,Yes,,CO,800XX
19725032,2026-02-24,"Maximus Federal Services, Inc.",Student loan,Federal student loan servicing,Dealing with your lender or servicer,Don't agree with the fees charged,Web,2026-02-24,Closed with explanation,,Yes,,GA,30040
19727420,2026-02-24,MOHELA,Student loan,Federal student loan servicing,Dealing with your lender or servicer,Trouble with how payments are being handled,Web,2026-02-24,Untimely response,,No,,VA,245XX
19731168,2026-02-24,MOHELA,Student loan,Federal student loan servicing,Dealing with your lender or servicer,Problem with customer service,Web,2026-02-24,Closed with explanation,Company can't verify or dispute the facts in the complaint,Yes,,CA,90019
19731802,2026-02-24,"Nelnet, Inc.",Student loan,Federal student loan servicing,Dealing with your lender or servicer,Received bad information about your loan,Web,2026-02-24,Closed with explanation,,Yes,,GA,30291
19733728,2026-02-24,"Nelnet, Inc.",Student loan,Federal student loan servicing,Dealing with your lender or servicer,Received bad information about your loan,Web,2026-02-24,Closed with explanation,,Yes,,MD,21113
19739847,2026-02-24,"Nelnet, Inc.",Student loan,Federal student loan servicing,Dealing with your lender or servicer,Trouble with how payments are being handled,Web,2026-02-24,Closed with explanation,,Yes,,MI,48220
19741708,2026-02-24,"Nelnet, Inc.",Student loan,Federal student loan servicing,Dealing with your lender or servicer,Need information about your loan balance or loan terms,Web,2026-02-24,Closed with explanation,,Yes,,CA,95501
19743216,2026-02-24,"Nelnet, Inc.",Student loan,Federal student loan servicing,Dealing with your lender or servicer,Trouble with how payments are being handled,Web,2026-02-24,Closed with explanation,,Yes,Servicemember,UT,84015
19744223,2026-02-24,"ECMC GROUP, INC.",Student loan,Federal student loan servicing,Dealing with your lender or servicer,Trouble with how payments are being handled,Web,2026-02-24,Closed with explanation,Company has responded to the consumer and the CFPB and chooses not to provide a public response,Yes,Servicemember,UT,84015
19744395,2026-02-24,"Maximus Federal Services, Inc.",Student loan,Federal student loan servicing,Dealing with your lender or servicer,Received bad information about your loan,Web,2026-02-26,Closed with explanation,,Yes,,MO,652XX
19746463,2026-02-24,MOHELA,Student loan,Federal student loan servicing,Dealing with your lender or servicer,Trouble with how payments are being handled,Web,2026-02-24,Untimely response,,No,,FL,33444
19748764,2026-02-24,"Upstart Holdings, Inc.",Student loan,Private student loan,Dealing with your lender or servicer,Received bad information about your loan,Web,2026-02-24,Closed with explanation,,Yes,,FL,33496
19750276,2026-02-24,MOHELA,Student loan,Federal student loan servicing,Dealing with your lender or servicer,Trouble with how payments are being handled,Web,2026-02-24,Untimely response,,No,,WA,98103
19751269,2026-02-24,"Nelnet, Inc.",Student loan,Federal student loan servicing,Dealing with your lender or servicer,Don't agree with the fees charged,Web,2026-02-24,Closed with explanation,,Yes,"Older American, Servicemember",MO,630XX
19751505,2026-02-24,"Nelnet, Inc.",Student loan,Federal student loan servicing,Dealing with your lender or servicer,Received bad information about your loan,Web,2026-02-24,Closed with explanation,,Yes,,VA,20147
19752346,2026-02-24,MOHELA,Student loan,Private student loan,Dealing with your lender or servicer,Received bad information about your loan,Web,2026-02-24,Closed with explanation,,Yes,,IL,60653
19752748,2026-02-24,MOHELA,Student loan,Federal student loan servicing,Dealing with your lender or servicer,Received bad information about your loan,Web,2026-02-24,Closed with explanation,Company believes it acted appropriately as authorized by contract or law,No,,AZ,857XX
19755255,2026-02-24,"Navient Solutions, LLC.",Student loan,Private student loan,Dealing with your lender or servicer,Received bad information about your loan,Web,2026-02-24,Closed with explanation,,Yes,,LA,70122
19762099,2026-02-25,"Navient Solutions, LLC.",Student loan,Federal student loan servicing,Dealing with your lender or servicer,Problem with customer service,Web,2026-02-25,Closed with explanation,,Yes,,CO,81001
19778260,2026-02-25,"Maximus Federal Services, Inc.",Student loan,Federal student loan servicing,Dealing with your lender or servicer,Need information about your loan balance or loan terms,Web,2026-03-02,Closed with explanation,,Yes,,MI,49024
19778401,2026-02-25,"Maximus Federal Services, Inc.",Student loan,Federal student loan servicing,Dealing with your lender or servicer,Don't agree with the fees charged,Web,2026-02-25,Closed with explanation,,Yes,,MI,49024
19779979,2026-02-25,"Maximus Federal Services, Inc.",Student loan,Federal student loan servicing,Dealing with your lender or servicer,Trouble with how payments are being handled,Web,2026-02-25,Closed with explanation,,Yes,,NY,11377
19780581,2026-02-25,"Maximus Federal Services, Inc.",Student loan,Federal student loan servicing,Dealing with your lender or servicer,Don't agree with the fees charged,Web,2026-03-19,Closed with explanation,,Yes,,CT,064XX
19782909,2026-02-25,EdFinancial Services,Student loan,Federal student loan servicing,Dealing with your lender or servicer,Problem with customer service,Web,2026-02-25,Closed with explanation,,Yes,,NC,27302
19787571,2026-02-25,Central Research Inc,Student loan,Federal student loan servicing,Dealing with your lender or servicer,Problem with customer service,Web,2026-02-25,Closed with explanation,,Yes,,GA,30338
19788353,2026-02-25,"Nelnet, Inc.",Student loan,Federal student loan servicing,Dealing with your lender or servicer,Don't agree with the fees charged,Web,2026-02-25,Closed with explanation,,Yes,Servicemember,MO,63031
19793446,2026-02-25,EdFinancial Services,Student loan,Federal student loan servicing,Dealing with your lender or servicer,Trouble with how payments are being handled,Web,2026-02-26,Closed with explanation,,Yes,,FL,33434
19793619,2026-02-25,MOHELA,Student loan,Federal student loan servicing,Dealing with your lender or servicer,Trouble with how payments are being handled,Web,2026-02-26,Untimely response,,No,,PA,15001
19795794,2026-02-26,"Maximus Federal Services, Inc.",Student loan,Federal student loan servicing,Dealing with your lender or servicer,Trouble with how payments are being handled,Web,2026-02-26,Closed with explanation,,Yes,Servicemember,AR,72450
19796873,2026-02-26,MOHELA,Student loan,Federal student loan servicing,Dealing with your lender or servicer,Trouble with how payments are being handled,Web,2026-02-26,Untimely response,,No,,IL,622XX
19797557,2026-02-26,"Maximus Federal Services, Inc.",Student loan,Federal student loan servicing,Dealing with your lender or servicer,Need information about your loan balance or loan terms,Web,2026-02-26,Closed with explanation,,Yes,,TX,76226
19799180,2026-02-26,"Maximus Federal Services, Inc.",Student loan,Federal student loan servicing,Dealing with your lender or servicer,Need information about your loan balance or loan terms,Web,2026-03-25,Closed with explanation,,Yes,,CO,80017
19805928,2026-02-26,Servicer under contract with Federal Student Aid,Student loan,Federal student loan servicing,Dealing with your lender or servicer,Need information about your loan balance or loan terms,Web,2026-03-12,Untimely response,,No,,CT,06053
19810311,2026-02-26,"Nelnet, Inc.",Student loan,Federal student loan servicing,Dealing with your lender or servicer,Problem with customer service,Web,2026-04-07,Closed with explanation,,Yes,,MI,48047
19843893,2026-02-27,"Maximus Federal Services, Inc.",Student loan,Federal student loan servicing,Dealing with your lender or servicer,Received bad information about your loan,Web,2026-03-25,Closed with explanation,,Yes,Older American,NM,87110
19876187,2026-03-01,"Nelnet, Inc.",Student loan,Federal student loan servicing,Dealing with your lender or servicer,Received bad information about your loan,Web,2026-03-01,Closed with explanation,,Yes,,FL,32905
19877026,2026-03-01,"Nelnet, Inc.",Student loan,Federal student loan servicing,Dealing with your lender or servicer,Need information about your loan balance or loan terms,Web,2026-03-01,Closed with explanation,,Yes,,PA,19132
19878105,2026-03-01,Central Research Inc,Student loan,Federal student loan servicing,Dealing with your lender or servicer,Need information about your loan balance or loan terms,Web,2026-03-01,Closed with explanation,,Yes,,CT,063XX
19879407,2026-03-01,Central Research Inc,Student loan,Federal student loan servicing,Dealing with your lender or servicer,Trouble with how payments are being handled,Web,2026-03-01,Closed with explanation,,Yes,,PA,152XX
19882297,2026-03-01,"Maximus Federal Services, Inc.",Student loan,Federal student loan servicing,Dealing with your lender or servicer,Trouble with how payments are being handled,Web,2026-03-19,Closed with explanation,,Yes,,SC,29715
19882301,2026-03-01,MOHELA,Student loan,Federal student loan servicing,Dealing with your lender or servicer,Received bad information about your loan,Web,2026-03-01,Untimely response,,No,,IL,62801
19882633,2026-03-01,"Maximus Federal Services, Inc.",Student loan,Federal student loan servicing,Dealing with your lender or servicer,Need information about your loan balance or loan terms,Web,2026-03-01,Closed with explanation,,Yes,,NY,140XX
19883051,2026-03-01,SLM CORPORATION,Student loan,Federal student loan servicing,Dealing with your lender or servicer,Keep getting calls about your loan,Web,2026-03-01,Closed with non-monetary relief,Company believes it acted appropriately as authorized by contract or law,Yes,Servicemember,CA,91504
19883140,2026-03-01,AES/PHEAA,Student loan,Private student loan,Dealing with your lender or servicer,Received bad information about your loan,Web,2026-03-01,Closed with explanation,,Yes,,TX,78758
19886614,2026-03-02,MOHELA,Student loan,Federal student loan servicing,Dealing with your lender or servicer,Trouble with how payments are being handled,Web,2026-03-02,Untimely response,,No,,CA,94566
19892684,2026-03-02,MOHELA,Student loan,Federal student loan servicing,Dealing with your lender or servicer,Received bad information about your loan,Web,2026-03-02,Untimely response,,No,,PA,19143
19894163,2026-03-02,MOHELA,Student loan,Federal student loan servicing,Dealing with your lender or servicer,Don't agree with the fees charged,Web,2026-03-02,Untimely response,,No,,NY,10455
19896878,2026-03-02,SLM CORPORATION,Student loan,Private student loan,Dealing with your lender or servicer,Problem with customer service,Web,2026-03-19,Closed with explanation,Company believes complaint is the result of an isolated error,Yes,,VA,241XX
19897424,2026-03-02,"Nelnet, Inc.",Student loan,Federal student loan servicing,Dealing with your lender or servicer,Received bad information about your loan,Web,2026-03-02,Closed with explanation,,Yes,,PA,18018
19898012,2026-03-02,EdFinancial Services,Student loan,Federal student loan servicing,Dealing with your lender or servicer,Received bad information about your loan,Web,2026-03-02,Closed with explanation,,Yes,,IL,61832
19899964,2026-03-02,SLM CORPORATION,Student loan,Private student loan,Dealing with your lender or servicer,Received bad information about your loan,Web,2026-03-02,Closed with explanation,Company believes it acted appropriately as authorized by contract or law,Yes,,PA,150XX
19900395,2026-03-02,"Maximus Federal Services, Inc.",Student loan,Federal student loan servicing,Dealing with your lender or servicer,Received bad information about your loan,Web,2026-03-02,Closed with explanation,,Yes,,TX,77493
19901231,2026-03-02,MOHELA,Student loan,Federal student loan servicing,Dealing with your lender or servicer,Need information about your loan balance or loan terms,Web,2026-03-02,Closed with explanation,Company believes it acted appropriately as authorized by contract or law,No,,MN,55410
19902497,2026-03-02,"Nelnet, Inc.",Student loan,Federal student loan servicing,Dealing with your lender or servicer,Don't agree with the fees charged,Web,2026-03-02,Closed with explanation,,Yes,,GA,30342
19904697,2026-03-02,"Nelnet, Inc.",Student loan,Private student loan,Dealing with your lender or servicer,Received bad information about your loan,Web,2026-03-02,Closed with explanation,,Yes,,CA,94132
19905810,2026-03-02,HEARTLAND PAYMENT SYSTEMS INC,Student loan,Federal student loan servicing,Dealing with your lender or servicer,Received bad information about your loan,Web,2026-03-02,Closed with explanation,,Yes,,OR,971XX
19908277,2026-03-02,"Maximus Federal Services, Inc.",Student loan,Federal student loan servicing,Dealing with your lender or servicer,Received bad information about your loan,Web,2026-03-02,Closed with explanation,,Yes,Older American,MO,631XX
19908674,2026-03-02,SLM CORPORATION,Student loan,Private student loan,Dealing with your lender or servicer,Trouble with how payments are being handled,Web,2026-03-02,Closed with non-monetary relief,Company believes complaint represents an opportunity for improvement to better serve consumers,Yes,,LA,70460
19908741,2026-03-02,"SOFI TECHNOLOGIES, INC.",Student loan,Private student loan,Dealing with your lender or servicer,Trouble with how payments are being handled,Web,2026-03-02,Closed with explanation,,Yes,Older American,CT,06840
19910270,2026-03-02,AES/PHEAA,Student loan,Private student loan,Dealing with your lender or servicer,Received bad information about your loan,Web,2026-03-02,Closed with explanation,,Yes,,NV,89135
19910743,2026-03-02,MOHELA,Student loan,Federal student loan servicing,Dealing with your lender or servicer,Trouble with how payments are being handled,Web,2026-03-02,Untimely response,,No,,OH,43147
19911208,2026-03-02,MOHELA,Student loan,Federal student loan servicing,Dealing with your lender or servicer,Received bad information about your loan,Web,2026-03-02,Untimely response,,No,,GA,30286
19912440,2026-03-02,EdFinancial Services,Student loan,Federal student loan servicing,Dealing with your lender or servicer,Received bad information about your loan,Web,2026-03-02,Closed with explanation,,Yes,Older American,IA,52245
19914530,2026-03-03,MOHELA,Student loan,Federal student loan servicing,Dealing with your lender or servicer,Problem with customer service,Web,2026-03-03,Untimely response,,No,,MA,01453
19914718,2026-03-03,Central Research Inc,Student loan,Federal student loan servicing,Dealing with your lender or servicer,Trouble with how payments are being handled,Web,2026-03-19,Closed with explanation,,Yes,,NJ,08080
19918027,2026-03-03,"Maximus Federal Services, Inc.",Student loan,Federal student loan servicing,Dealing with your lender or servicer,Received bad information about your loan,Web,2026-03-25,Closed with explanation,,Yes,,MA,018XX
19919173,2026-03-03,MOHELA,Student loan,Federal student loan servicing,Dealing with your lender or servicer,Received bad information about your loan,Web,2026-03-19,Closed with explanation,Company believes it acted appropriately as authorized by contract or law,No,Servicemember,TX,78634
19924420,2026-03-03,EdFinancial Services,Student loan,Private student loan,Dealing with your lender or servicer,Keep getting calls about your loan,Web,2026-03-03,Closed with explanation,,Yes,,NY,10029
19924777,2026-03-03,MOHELA,Student loan,Federal student loan servicing,Dealing with your lender or servicer,Trouble with how payments are being handled,Web,2026-03-03,Closed with explanation,Company believes it acted appropriately as authorized by contract or law,No,,VA,22201
19932139,2026-03-03,MOHELA,Student loan,Federal student loan servicing,Dealing with your lender or servicer,Received bad information about your loan,Web,2026-03-03,Closed with explanation,,Yes,,NV,897XX
19934902,2026-03-03,MOHELA,Student loan,Federal student loan servicing,Dealing with your lender or servicer,Problem with customer service,Web,2026-04-09,Closed with explanation,,No,,CA,95620
19935329,2026-03-03,MOHELA,Student loan,Private student loan,Dealing with your lender or servicer,Trouble with how payments are being handled,Web,2026-03-03,Untimely response,,No,,OK,731XX
19940617,2026-03-03,"Nelnet, Inc.",Student loan,Federal student loan servicing,Dealing with your lender or servicer,Problem with customer service,Web,2026-03-03,Closed with explanation,,Yes,,GA,30260
19941643,2026-03-03,"Maximus Federal Services, Inc.",Student loan,Federal student loan servicing,Dealing with your lender or servicer,Received bad information about your loan,Web,2026-03-03,Closed with explanation,,Yes,,FL,33063
19946093,2026-03-03,"Nelnet, Inc.",Student loan,Federal student loan servicing,Dealing with your lender or servicer,Received bad information about your loan,Web,2026-03-03,Closed with explanation,,Yes,,DC,20001
19946348,2026-03-03,Central Research Inc,Student loan,Federal student loan servicing,Dealing with your lender or servicer,Problem with customer service,Web,2026-03-03,Closed with explanation,,Yes,,MD,210XX
19949289,2026-03-04,"Nelnet, Inc.",Student loan,Federal student loan servicing,Dealing with your lender or servicer,Trouble with how payments are being handled,Web,2026-03-04,Closed with explanation,,Yes,,OH,43004
19949649,2026-03-04,EdFinancial Services,Student loan,Federal student loan servicing,Dealing with your lender or servicer,Problem with customer service,Web,2026-03-04,Closed with explanation,,Yes,,IN,46342
19949864,2026-03-04,"Nelnet, Inc.",Student loan,Federal student loan servicing,Dealing with your lender or servicer,Trouble with how payments are being handled,Web,2026-03-04,Closed with explanation,,Yes,,AZ,85710
19952174,2026-03-04,MOHELA,Student loan,Federal student loan servicing,Dealing with your lender or servicer,Trouble with how payments are being handled,Web,2026-03-04,Untimely response,,No,,MA,020XX
19952598,2026-03-04,MOHELA,Student loan,Federal student loan servicing,Dealing with your lender or servicer,Trouble with how payments are being handled,Web,2026-03-04,Closed with explanation,Company believes it acted appropriately as authorized by contract or law,No,,NE,68901
19953116,2026-03-04,MOHELA,Student loan,Federal student loan servicing,Dealing with your lender or servicer,Trouble with how payments are being handled,Web,2026-03-04,Untimely response,,No,,VA,22309
19953248,2026-03-04,"Nelnet, Inc.",Student loan,Federal student loan servicing,Dealing with your lender or servicer,Received bad information about your loan,Web,2026-03-04,Closed with explanation,,Yes,,FL,34120
19958519,2026-03-04,MOHELA,Student loan,Federal student loan servicing,Dealing with your lender or servicer,Received bad information about your loan,Web,2026-03-04,Closed with explanation,,Yes,,FL,342XX
19962026,2026-03-04,MOHELA,Student loan,Private student loan,Dealing with your lender or servicer,Trouble with how payments are being handled,Web,2026-03-04,Closed with explanation,,Yes,Servicemember,MD,21045
19965498,2026-03-04,"Nelnet, Inc.",Student loan,Federal student loan servicing,Dealing with your lender or servicer,Don't agree with the fees charged,Web,2026-03-04,Closed with explanation,,Yes,,FL,338XX
19966403,2026-03-04,"Maximus Federal Services, Inc.",Student loan,Federal student loan servicing,Dealing with your lender or servicer,Received bad information about your loan,Web,2026-03-04,Closed with explanation,,Yes,,VA,23860
19968322,2026-03-04,"Maximus Federal Services, Inc.",Student loan,Federal student loan servicing,Dealing with your lender or servicer,Need information about your loan balance or loan terms,Web,2026-03-04,Closed with explanation,,Yes,,SC,29611
19971231,2026-03-04,"Nelnet, Inc.",Student loan,Federal student loan servicing,Dealing with your lender or servicer,Need information about your loan balance or loan terms,Web,2026-03-04,Closed with explanation,,Yes,,WA,XXXXX
19972949,2026-03-04,MOHELA,Student loan,Federal student loan servicing,Dealing with your lender or servicer,Received bad information about your loan,Web,2026-03-04,Closed with explanation,Company believes it acted appropriately as authorized by contract or law,No,,FL,33028
19978463,2026-03-04,MOHELA,Student loan,Private student loan,Dealing with your lender or servicer,Received bad information about your loan,Web,2026-03-04,Closed with explanation,,Yes,,FL,34746
19982411,2026-03-04,"Nelnet, Inc.",Student loan,Federal student loan servicing,Dealing with your lender or servicer,Received bad information about your loan,Web,2026-03-19,Closed with explanation,,Yes,Servicemember,GA,30013
19988135,2026-03-05,MOHELA,Student loan,Federal student loan servicing,Dealing with your lender or servicer,Trouble with how payments are being handled,Web,2026-03-05,Untimely response,,No,,MI,488XX
19988184,2026-03-05,"Maximus Federal Services, Inc.",Student loan,Federal student loan servicing,Dealing with your lender or servicer,Received bad information about your loan,Web,2026-03-05,Closed with explanation,,Yes,,IN,46227
19988320,2026-03-05,MOHELA,Student loan,Federal student loan servicing,Dealing with your lender or servicer,Received bad information about your loan,Web,2026-03-05,Untimely response,,No,,NY,10475
19992786,2026-03-05,DISCOVER BANK,Student loan,Private student loan,Dealing with your lender or servicer,Received bad information about your loan,Web,2026-03-05,Closed with explanation,,Yes,,CA,95035
20002134,2026-03-05,MOHELA,Student loan,Federal student loan servicing,Dealing with your lender or servicer,Trouble with how payments are being handled,Web,2026-03-05,Closed with explanation,,No,,FL,346XX
20005787,2026-03-05,Central Research Inc,Student loan,Federal student loan servicing,Dealing with your lender or servicer,Trouble with how payments are being handled,Web,2026-03-19,Closed with explanation,,Yes,,NV,89148
20006796,2026-03-05,MOHELA,Student loan,Federal student loan servicing,Dealing with your lender or servicer,Received bad information about your loan,Web,2026-03-05,Untimely response,,No,,CA,92057
20010405,2026-03-05,MOHELA,Student loan,Federal student loan servicing,Dealing with your lender or servicer,Trouble with how payments are being handled,Web,2026-03-05,Closed with explanation,Company believes it acted appropriately as authorized by contract or law,Yes,,NH,03102
20018654,2026-03-05,MOHELA,Student loan,Federal student loan servicing,Dealing with your lender or servicer,Trouble with how payments are being handled,Web,2026-03-05,Closed with explanation,,No,,OH,44011
20020831,2026-03-05,MOHELA,Student loan,Federal student loan servicing,Dealing with your lender or servicer,Received bad information about your loan,Web,2026-03-05,Untimely response,,No,,CA,92553
20021368,2026-03-05,"Nelnet, Inc.",Student loan,Federal student loan servicing,Dealing with your lender or servicer,Received bad information about your loan,Web,2026-03-05,Closed with explanation,,Yes,,MN,55330
20021417,2026-03-05,"Nelnet, Inc.",Student loan,Private student loan,Dealing with your lender or servicer,Don't agree with the fees charged,Web,2026-03-05,Closed with explanation,,Yes,,IN,467XX
20022882,2026-03-06,AES/PHEAA,Student loan,Federal student loan servicing,Dealing with your lender or servicer,Received bad information about your loan,Web,2026-03-06,Closed with explanation,,Yes,,MI,493XX
20023538,2026-03-06,"Navient Solutions, LLC.",Student loan,Private student loan,Dealing with your lender or servicer,Need information about your loan balance or loan terms,Web,2026-03-06,Closed with explanation,,Yes,,KY,40241
20024120,2026-03-06,"Nelnet, Inc.",Student loan,Federal student loan servicing,Dealing with your lender or servicer,Received bad information about your loan,Web,2026-03-06,Closed with explanation,,Yes,Older American,DC,20011
20024576,2026-03-06,"Maximus Federal Services, Inc.",Student loan,Federal student loan servicing,Dealing with your lender or servicer,Received bad information about your loan,Web,2026-03-06,Closed with explanation,,Yes,,TX,774XX
20024916,2026-03-06,MOHELA,Student loan,Federal student loan servicing,Dealing with your lender or servicer,Trouble with how payments are being handled,Web,2026-03-06,Untimely response,,No,,MD,21223
20025036,2026-03-06,"Nelnet, Inc.",Student loan,Federal student loan servicing,Dealing with your lender or servicer,Problem with customer service,Web,2026-03-06,Closed with explanation,,Yes,,NY,11236
20026278,2026-03-06,"College Ave Student Loan Servicing, LLC",Student loan,Private student loan,Dealing with your lender or servicer,Received bad information about your loan,Web,2026-04-13,Closed with explanation,,Yes,,MD,210XX
20027701,2026-03-06,MOHELA,Student loan,Federal student loan servicing,Dealing with your lender or servicer,Received bad information about your loan,Web,2026-03-06,Untimely response,,No,,OH,44137
20036307,2026-03-06,Servicer under contract with Federal Student Aid,Student loan,Federal student loan servicing,Dealing with your lender or servicer,Received bad information about your loan,Web,2026-03-19,Untimely response,,No,,GA,31763
20044121,2026-03-06,MOHELA,Student loan,Federal student loan servicing,Dealing with your lender or servicer,Received bad information about your loan,Web,2026-03-06,Untimely response,,No,Servicemember,IN,473XX
20045060,2026-03-06,SLM CORPORATION,Student loan,Private student loan,Dealing with your lender or servicer,Trouble with how payments are being handled,Web,2026-03-06,Closed with non-monetary relief,Company believes it acted appropriately as authorized by contract or law,Yes,,ME,044XX
20048196,2026-03-06,SLM CORPORATION,Student loan,Private student loan,Dealing with your lender or servicer,Received bad information about your loan,Web,2026-03-06,Closed with explanation,Company believes it acted appropriately as authorized by contract or law,Yes,,NJ,08753
20049542,2026-03-06,Servicer under contract with Federal Student Aid,Student loan,Federal student loan servicing,Dealing with your lender or servicer,Trouble with how payments are being handled,Web,2026-04-13,Untimely response,,No,,NY,117XX
20049723,2026-03-06,SLM CORPORATION,Student loan,Private student loan,Dealing with your lender or servicer,Problem with customer service,Web,2026-03-06,Closed with non-monetary relief,Company believes complaint is the result of an isolated error,Yes,,TX,77573
20052985,2026-03-06,MOHELA,Student loan,Federal student loan servicing,Dealing with your lender or servicer,Problem with customer service,Web,2026-03-06,Untimely response,,No,,PA,190XX
20053333,2026-03-06,MOHELA,Student loan,Federal student loan servicing,Dealing with your lender or servicer,Need information about your loan balance or loan terms,Web,2026-03-06,Closed with explanation,Company believes it acted appropriately as authorized by contract or law,Yes,,RI,02860
20054333,2026-03-06,MOHELA,Student loan,Federal student loan servicing,Dealing with your lender or servicer,Trouble with how payments are being handled,Web,2026-03-06,Untimely response,,No,,TN,38128
20055461,2026-03-06,Central Research Inc,Student loan,Federal student loan servicing,Dealing with your lender or servicer,Trouble with how payments are being handled,Web,2026-03-19,Closed with explanation,,Yes,,KS,66061
20055599,2026-03-06,"Maximus Federal Services, Inc.",Student loan,Federal student loan servicing,Dealing with your lender or servicer,Problem with customer service,Web,2026-03-06,Closed with explanation,,Yes,,OH,44883
20056435,2026-03-06,AES/PHEAA,Student loan,Private student loan,Dealing with your lender or servicer,Trouble with how payments are being handled,Web,2026-03-07,Closed with explanation,,Yes,,PA,163XX
20059275,2026-03-07,MOHELA,Student loan,Federal student loan servicing,Dealing with your lender or servicer,Trouble with how payments are being handled,Web,2026-03-07,Untimely response,,No,Servicemember,SC,29169
20059470,2026-03-07,"Maximus Federal Services, Inc.",Student loan,Federal student loan servicing,Dealing with your lender or servicer,Received bad information about your loan,Web,2026-03-07,Closed with explanation,,Yes,Servicemember,TX,76543
20060196,2026-03-07,"Navient Solutions, LLC.",Student loan,Private student loan,Dealing with your lender or servicer,Don't agree with the fees charged,Web,2026-03-17,Closed with explanation,,Yes,,MD,21784
20060251,2026-03-07,MOHELA,Student loan,Federal student loan servicing,Dealing with your lender or servicer,Problem with customer service,Web,2026-04-01,Closed with explanation,Company believes it acted appropriately as authorized by contract or law,Yes,,VA,23112
20066653,2026-03-07,"Navient Solutions, LLC.",Student loan,Federal student loan servicing,Dealing with your lender or servicer,Don't agree with the fees charged,Web,2026-03-07,Closed with explanation,,Yes,,VA,23320
20068255,2026-03-07,EdFinancial Services,Student loan,Federal student loan servicing,Dealing with your lender or servicer,Problem with customer service,Web,2026-03-07,Closed with explanation,,Yes,,NM,87109
20068322,2026-03-07,"Maximus Federal Services, Inc.",Student loan,Federal student loan servicing,Dealing with your lender or servicer,Trouble with how payments are being handled,Web,2026-03-07,Closed with explanation,,Yes,Servicemember,AZ,85365
20068425,2026-03-07,Servicer under contract with Federal Student Aid,Student loan,Federal student loan servicing,Dealing with your lender or servicer,Trouble with how payments are being handled,Web,2026-03-07,Untimely response,,No,,CO,801XX
20068641,2026-03-07,Servicer under contract with Federal Student Aid,Student loan,Federal student loan servicing,Dealing with your lender or servicer,Received bad information about your loan,Web,2026-03-07,Untimely response,,No,,TN,38118
20068721,2026-03-07,"Nelnet, Inc.",Student loan,Federal student loan servicing,Dealing with your lender or servicer,Received bad information about your loan,Web,2026-03-07,Closed with explanation,,Yes,,TN,38118
20070085,2026-03-07,MOHELA,Student loan,Federal student loan servicing,Dealing with your lender or servicer,Received bad information about your loan,Web,2026-03-07,Closed with explanation,Company believes it acted appropriately as authorized by contract or law,Yes,,PA,184XX
20070684,2026-03-07,MOHELA,Student loan,Federal student loan servicing,Dealing with your lender or servicer,Received bad information about your loan,Web,2026-03-07,Closed with explanation,Company believes it acted appropriately as authorized by contract or law,No,,NJ,08527
20071236,2026-03-07,"Maximus Federal Services, Inc.",Student loan,Federal student loan servicing,Dealing with your lender or servicer,Received bad information about your loan,Web,2026-03-07,Closed with explanation,,Yes,,PA,18974
20071332,2026-03-07,MOHELA,Student loan,Federal student loan servicing,Dealing with your lender or servicer,Received bad information about your loan,Web,2026-03-07,Closed with explanation,Company believes it acted appropriately as authorized by contract or law,No,,CT,063XX
20071619,2026-03-08,MOHELA,Student loan,Federal student loan servicing,Dealing with your lender or servicer,Received bad information about your loan,Web,2026-03-10,Closed with explanation,,Yes,,MI,48021
20071796,2026-03-08,MOHELA,Student loan,Federal student loan servicing,Dealing with your lender or servicer,Trouble with how payments are being handled,Web,2026-03-08,Closed with explanation,Company believes it acted appropriately as authorized by contract or law,Yes,Servicemember,KS,66614
20076618,2026-03-08,"Nelnet, Inc.",Student loan,Federal student loan servicing,Dealing with your lender or servicer,Received bad information about your loan,Web,2026-03-08,Closed with explanation,,Yes,,TX,774XX
20076917,2026-03-08,MOHELA,Student loan,Federal student loan servicing,Dealing with your lender or servicer,Trouble with how payments are being handled,Web,2026-03-08,Untimely response,,No,,CA,90001
20078414,2026-03-08,"Maximus Federal Services, Inc.",Student loan,Federal student loan servicing,Dealing with your lender or servicer,Received bad information about your loan,Web,2026-03-08,Closed with explanation,,Yes,,MA,01915
20080529,2026-03-08,MOHELA,Student loan,Federal student loan servicing,Dealing with your lender or servicer,Received bad information about your loan,Web,2026-03-09,Untimely response,,No,Servicemember,GA,302XX
20080926,2026-03-09,MOHELA,Student loan,Federal student loan servicing,Dealing with your lender or servicer,Problem with customer service,Web,2026-03-09,Closed with explanation,,No,,CO,80031
20088521,2026-03-09,"Maximus Federal Services, Inc.",Student loan,Federal student loan servicing,Dealing with your lender or servicer,Problem with customer service,Web,2026-03-09,Closed with explanation,,Yes,Servicemember,WI,53083
20092832,2026-03-09,MOHELA,Student loan,Federal student loan servicing,Dealing with your lender or servicer,Problem with customer service,Web,2026-03-09,Untimely response,,No,,CA,913XX
20093355,2026-03-09,MOHELA,Student loan,Federal student loan servicing,Dealing with your lender or servicer,Trouble with how payments are being handled,Web,2026-03-09,Closed with explanation,,No,,CA,90012
20093780,2026-03-09,MOHELA,Student loan,Private student loan,Dealing with your lender or servicer,Don't agree with the fees charged,Web,2026-03-09,Closed with explanation,,Yes,,FL,321XX
20099844,2026-03-09,Servicer under contract with Federal Student Aid,Student loan,Federal student loan servicing,Dealing with your lender or servicer,Trouble with how payments are being handled,Web,2026-03-09,Untimely response,,No,Servicemember,TX,76513
20101723,2026-03-09,MOHELA,Student loan,Federal student loan servicing,Dealing with your lender or servicer,Received bad information about your loan,Web,2026-03-09,Closed with explanation,Company believes it acted appropriately as authorized by contract or law,No,,CA,92107
20104198,2026-03-09,MOHELA,Student loan,Federal student loan servicing,Dealing with your lender or servicer,Trouble with how payments are being handled,Web,2026-03-09,Closed with explanation,Company believes complaint caused principally by actions of third party outside the control or direction of the company,No,,GA,30035
20106866,2026-03-09,MOHELA,Student loan,Federal student loan servicing,Dealing with your lender or servicer,Trouble with how payments are being handled,Web,2026-03-09,Closed with explanation,Company believes it acted appropriately as authorized by contract or law,Yes,,OH,45801
20107225,2026-03-09,"Nelnet, Inc.",Student loan,Federal student loan servicing,Dealing with your lender or servicer,Received bad information about your loan,Web,2026-03-09,Closed with explanation,,Yes,,IA,523XX
20107601,2026-03-09,Servicer under contract with Federal Student Aid,Student loan,Federal student loan servicing,Dealing with your lender or servicer,Problem with customer service,Web,2026-03-09,Untimely response,,No,,MD,217XX
20111936,2026-03-09,MOHELA,Student loan,Private student loan,Dealing with your lender or servicer,Received bad information about your loan,Web,2026-03-09,Closed with explanation,,Yes,,FL,32904
20114101,2026-03-10,MOHELA,Student loan,Federal student loan servicing,Dealing with your lender or servicer,Need information about your loan balance or loan terms,Web,2026-03-10,Closed with explanation,Company believes it acted appropriately as authorized by contract or law,No,,CA,XXXXX
20114491,2026-03-10,Servicer under contract with Federal Student Aid,Student loan,Federal student loan servicing,Dealing with your lender or servicer,Need information about your loan balance or loan terms,Web,2026-03-12,Untimely response,,No,,CA,XXXXX
20115046,2026-03-10,MOHELA,Student loan,Federal student loan servicing,Dealing with your lender or servicer,Received bad information about your loan,Web,2026-03-10,Untimely response,,No,,GA,30291
20115351,2026-03-10,AES/PHEAA,Student loan,Private student loan,Dealing with your lender or servicer,Received bad information about your loan,Web,2026-03-10,Closed with explanation,,Yes,,MD,20874
20116049,2026-03-10,MOHELA,Student loan,Federal student loan servicing,Dealing with your lender or servicer,Need information about your loan balance or loan terms,Web,2026-03-10,Closed with explanation,,Yes,Servicemember,TN,371XX
20116103,2026-03-10,MOHELA,Student loan,Federal student loan servicing,Dealing with your lender or servicer,Received bad information about your loan,Web,2026-03-10,Untimely response,,No,,OR,973XX
20119331,2026-03-10,"Nelnet, Inc.",Student loan,Federal student loan servicing,Dealing with your lender or servicer,Received bad information about your loan,Web,2026-03-10,Closed with explanation,,Yes,,IL,600XX
20126549,2026-03-10,MOHELA,Student loan,Federal student loan servicing,Dealing with your lender or servicer,Received bad information about your loan,Web,2026-03-10,Closed with explanation,,Yes,,FL,32771
20127318,2026-03-10,SLM CORPORATION,Student loan,Private student loan,Dealing with your lender or servicer,Received bad information about your loan,Web,2026-03-10,Closed with explanation,Company believes complaint is the result of an isolated error,Yes,,MO,641XX
20130766,2026-03-10,Servicer under contract with Federal Student Aid,Student loan,Federal student loan servicing,Dealing with your lender or servicer,Received bad information about your loan,Web,2026-03-19,Untimely response,,No,,NV,89011
20136085,2026-03-10,EdFinancial Services,Student loan,Federal student loan servicing,Dealing with your lender or servicer,Need information about your loan balance or loan terms,Web,2026-03-10,Closed with explanation,,Yes,,NY,11364
20136222,2026-03-10,"Nelnet, Inc.",Student loan,Federal student loan servicing,Dealing with your lender or servicer,Received bad information about your loan,Web,2026-03-10,Closed with explanation,,Yes,,CT,06830
20139500,2026-03-10,"LendKey Technologies, Inc.",Student loan,Private student loan,Dealing with your lender or servicer,Trouble with how payments are being handled,Web,2026-03-10,Closed with non-monetary relief,,Yes,,MI,486XX
20139764,2026-03-10,"Nelnet, Inc.",Student loan,Private student loan,Dealing with your lender or servicer,Trouble with how payments are being handled,Web,2026-03-10,Closed with explanation,,Yes,,UT,84047
20139880,2026-03-10,MOHELA,Student loan,Federal student loan servicing,Dealing with your lender or servicer,Problem with customer service,Web,2026-03-10,Untimely response,,No,,IL,60177
20141278,2026-03-10,"Maximus Federal Services, Inc.",Student loan,Federal student loan servicing,Dealing with your lender or servicer,Received bad information about your loan,Web,2026-03-10,Closed with explanation,,Yes,,TX,77385
20141693,2026-03-10,MOHELA,Student loan,Federal student loan servicing,Dealing with your lender or servicer,Don't agree with the fees charged,Web,2026-03-10,Untimely response,,No,,CA,92618
20142858,2026-03-10,MOHELA,Student loan,Federal student loan servicing,Dealing with your lender or servicer,Trouble with how payments are being handled,Web,2026-03-10,Untimely response,,No,,TX,XXXXX
20143829,2026-03-10,"Navient Solutions, LLC.",Student loan,Federal student loan servicing,Dealing with your lender or servicer,Need information about your loan balance or loan terms,Web,2026-03-10,Closed with explanation,,Yes,,CA,91367
20143837,2026-03-10,Central Research Inc,Student loan,Federal student loan servicing,Dealing with your lender or servicer,Received bad information about your loan,Web,2026-03-10,Closed with explanation,,Yes,,OH,44102
20144335,2026-03-10,Servicer under contract with Federal Student Aid,Student loan,Federal student loan servicing,Dealing with your lender or servicer,Received bad information about your loan,Web,2026-03-10,Untimely response,,No,,MS,387XX
20144857,2026-03-10,EdFinancial Services,Student loan,Federal student loan servicing,Dealing with your lender or servicer,Trouble with how payments are being handled,Web,2026-03-10,Closed with explanation,,Yes,,NJ,088XX
20145378,2026-03-10,"Nelnet, Inc.",Student loan,Private student loan,Dealing with your lender or servicer,Received bad information about your loan,Web,2026-03-10,Closed with explanation,,Yes,,MA,02150
20146662,2026-03-10,"Nelnet, Inc.",Student loan,Federal student loan servicing,Dealing with your lender or servicer,Trouble with how payments are being handled,Web,2026-03-10,Closed with explanation,,Yes,,CA,92203
20146696,2026-03-10,MOHELA,Student loan,Federal student loan servicing,Dealing with your lender or servicer,Received bad information about your loan,Web,2026-03-10,Untimely response,,No,,TX,75243
20148684,2026-03-10,MOHELA,Student loan,Federal student loan servicing,Dealing with your lender or servicer,Trouble with how payments are being handled,Web,2026-03-10,Closed with explanation,Company believes it acted appropriately as authorized by contract or law,Yes,,NC,28601
20151430,2026-03-10,"Nelnet, Inc.",Student loan,Federal student loan servicing,Dealing with your lender or servicer,Problem with customer service,Web,2026-03-11,Closed with explanation,,Yes,,TX,77388
20149716,2026-03-11,Ascendium Education Group,Student loan,Federal student loan servicing,Dealing with your lender or servicer,Don't agree with the fees charged,Web,2026-03-11,Closed with explanation,,Yes,,IL,62521
20150863,2026-03-11,MOHELA,Student loan,Federal student loan servicing,Dealing with your lender or servicer,Problem with customer service,Web,2026-03-11,Closed with explanation,,Yes,,MA,024XX
20151465,2026-03-11,Climb Credit Inc.,Student loan,Private student loan,Dealing with your lender or servicer,Trouble with how payments are being handled,Web,2026-03-11,Closed with explanation,,Yes,,FL,34119
20153508,2026-03-11,Servicer under contract with Federal Student Aid,Student loan,Federal student loan servicing,Dealing with your lender or servicer,Trouble with how payments are being handled,Web,2026-03-19,Untimely response,,No,,NM,XXXXX
20153777,2026-03-11,MOHELA,Student loan,Federal student loan servicing,Dealing with your lender or servicer,Trouble with how payments are being handled,Web,2026-03-11,Untimely response,,No,,NM,87120
20164175,2026-03-11,MOHELA,Student loan,Federal student loan servicing,Dealing with your lender or servicer,Trouble with how payments are being handled,Web,2026-03-11,Untimely response,,No,,NC,28208
20166026,2026-03-11,MOHELA,Student loan,Federal student loan servicing,Dealing with your lender or servicer,Need information about your loan balance or loan terms,Web,2026-03-11,Untimely response,,No,Servicemember,FL,32507
20166275,2026-03-11,MOHELA,Student loan,Federal student loan servicing,Dealing with your lender or servicer,Received bad information about your loan,Web,2026-03-11,Untimely response,,No,,TX,78665
20166310,2026-03-11,Servicer under contract with Federal Student Aid,Student loan,Federal student loan servicing,Dealing with your lender or servicer,Need information about your loan balance or loan terms,Web,2026-03-11,Untimely response,,No,Servicemember,FL,32507
20167573,2026-03-11,MOHELA,Student loan,Federal student loan servicing,Dealing with your lender or servicer,Need information about your loan balance or loan terms,Web,2026-03-11,Untimely response,,No,Servicemember,NC,28262
20169646,2026-03-11,MOHELA,Student loan,Federal student loan servicing,Dealing with your lender or servicer,Trouble with how payments are being handled,Web,2026-03-19,Closed with explanation,Company believes it acted appropriately as authorized by contract or law,No,,TX,77379
20170112,2026-03-11,MOHELA,Student loan,Federal student loan servicing,Dealing with your lender or servicer,Trouble with how payments are being handled,Web,2026-04-17,Untimely response,,No,,MD,215XX
20170419,2026-03-11,SLM CORPORATION,Student loan,Private student loan,Dealing with your lender or servicer,Keep getting calls about your loan,Web,2026-03-11,Closed with non-monetary relief,Company believes it acted appropriately as authorized by contract or law,Yes,Servicemember,CA,92124
20172800,2026-03-11,"Nelnet, Inc.",Student loan,Federal student loan servicing,Dealing with your lender or servicer,Problem with customer service,Web,2026-03-11,Closed with explanation,,Yes,,TX,77630
20174151,2026-03-11,MOHELA,Student loan,Federal student loan servicing,Dealing with your lender or servicer,Trouble with how payments are being handled,Web,2026-03-11,Closed with explanation,Company believes it acted appropriately as authorized by contract or law,Yes,,LA,712XX
20174355,2026-03-11,MOHELA,Student loan,Federal student loan servicing,Dealing with your lender or servicer,Received bad information about your loan,Web,2026-03-11,Untimely response,,No,,TX,75082
20175227,2026-03-11,MOHELA,Student loan,Federal student loan servicing,Dealing with your lender or servicer,Received bad information about your loan,Web,2026-03-11,Closed with explanation,,Yes,,TX,78744
20175240,2026-03-11,MOHELA,Student loan,Federal student loan servicing,Dealing with your lender or servicer,Trouble with how payments are being handled,Web,2026-03-11,Closed with explanation,,No,,GA,30224
20175725,2026-03-11,"Nelnet, Inc.",Student loan,Federal student loan servicing,Dealing with your lender or servicer,Received bad information about your loan,Web,2026-03-11,Closed with explanation,,Yes,,AL,362XX
20176077,2026-03-11,MOHELA,Student loan,Federal student loan servicing,Dealing with your lender or servicer,Received bad information about your loan,Web,2026-03-11,Untimely response,,No,,SC,29016
20180138,2026-03-11,MOHELA,Student loan,Federal student loan servicing,Dealing with your lender or servicer,Received bad information about your loan,Web,2026-03-16,Closed with explanation,,Yes,,NC,275XX
20182108,2026-03-11,EdFinancial Services,Student loan,Federal student loan servicing,Dealing with your lender or servicer,Received bad information about your loan,Web,2026-03-11,Closed with explanation,,Yes,,PA,184XX
20182756,2026-03-11,"Maximus Federal Services, Inc.",Student loan,Federal student loan servicing,Dealing with your lender or servicer,Received bad information about your loan,Web,2026-03-11,Closed with explanation,,Yes,Servicemember,TX,75052
20185911,2026-03-11,"Navient Solutions, LLC.",Student loan,Private student loan,Dealing with your lender or servicer,Trouble with how payments are being handled,Web,2026-03-11,Closed with explanation,,Yes,Servicemember,TX,79912
20186172,2026-03-11,"Navient Solutions, LLC.",Student loan,Private student loan,Dealing with your lender or servicer,Trouble with how payments are being handled,Web,2026-03-11,Closed with explanation,,Yes,Servicemember,TX,79912
20186258,2026-03-11,"Navient Solutions, LLC.",Student loan,Private student loan,Dealing with your lender or servicer,Received bad information about your loan,Web,2026-03-12,Closed with explanation,,Yes,,FL,32904
20186517,2026-03-11,MOHELA,Student loan,Federal student loan servicing,Dealing with your lender or servicer,Problem with customer service,Web,2026-03-12,Closed with explanation,Company believes it acted appropriately as authorized by contract or law,No,,MA,01720
20189277,2026-03-12,MOHELA,Student loan,Private student loan,Dealing with your lender or servicer,Need information about your loan balance or loan terms,Web,2026-03-12,Closed with explanation,,Yes,,IN,46143
20189630,2026-03-12,"Maximus Federal Services, Inc.",Student loan,Federal student loan servicing,Dealing with your lender or servicer,Received bad information about your loan,Web,2026-03-19,Closed with explanation,,Yes,,FL,337XX
20191055,2026-03-12,"Nelnet, Inc.",Student loan,Federal student loan servicing,Dealing with your lender or servicer,Received bad information about your loan,Web,2026-03-12,Closed with explanation,,Yes,,CT,06118
20199107,2026-03-12,MOHELA,Student loan,Federal student loan servicing,Dealing with your lender or servicer,Trouble with how payments are being handled,Web,2026-03-12,Untimely response,,No,,NY,144XX
20199108,2026-03-12,"Maximus Federal Services, Inc.",Student loan,Federal student loan servicing,Dealing with your lender or servicer,Received bad information about your loan,Web,2026-03-12,Closed with explanation,,Yes,,FL,344XX
20199263,2026-03-12,"Maximus Federal Services, Inc.",Student loan,Federal student loan servicing,Dealing with your lender or servicer,Received bad information about your loan,Web,2026-03-12,Closed with explanation,,Yes,,FL,33604
20200075,2026-03-12,MOHELA,Student loan,Federal student loan servicing,Dealing with your lender or servicer,Trouble with how payments are being handled,Web,2026-03-12,Untimely response,,No,,MS,38655
20200293,2026-03-12,MOHELA,Student loan,Federal student loan servicing,Dealing with your lender or servicer,Don't agree with the fees charged,Web,2026-03-12,Untimely response,,No,Servicemember,NJ,077XX
20200469,2026-03-12,"Nelnet, Inc.",Student loan,Private student loan,Dealing with your lender or servicer,Trouble with how payments are being handled,Web,2026-03-12,Closed with explanation,,Yes,,MA,015XX
20200692,2026-03-12,MOHELA,Student loan,Federal student loan servicing,Dealing with your lender or servicer,Need information about your loan balance or loan terms,Web,2026-03-12,Untimely response,,No,,SC,297XX
20200848,2026-03-12,IOWA STUDENT LOAN LIQUIDITY CORPORATION,Student loan,Private student loan,Dealing with your lender or servicer,Don't agree with the fees charged,Web,2026-03-12,Closed with explanation,Company has responded to the consumer and the CFPB and chooses not to provide a public response,Yes,,MI,496XX
20205393,2026-03-12,"Maximus Federal Services, Inc.",Student loan,Federal student loan servicing,Dealing with your lender or servicer,Problem with customer service,Web,2026-03-12,Closed with explanation,,Yes,,TX,759XX
20206249,2026-03-12,MOHELA,Student loan,Federal student loan servicing,Dealing with your lender or servicer,Problem with customer service,Web,2026-03-12,Untimely response,,No,,KY,40222
20208538,2026-03-12,MOHELA,Student loan,Federal student loan servicing,Dealing with your lender or servicer,Trouble with how payments are being handled,Web,2026-03-12,Untimely response,,No,,CA,91104
20208849,2026-03-12,MOHELA,Student loan,Federal student loan servicing,Dealing with your lender or servicer,Don't agree with the fees charged,Web,2026-03-12,Untimely response,,No,,KY,411XX
20209728,2026-03-12,"Nelnet, Inc.",Student loan,Federal student loan servicing,Dealing with your lender or servicer,Trouble with how payments are being handled,Web,2026-03-12,Closed with explanation,,Yes,,NC,27265
20212619,2026-03-12,"Maximus Federal Services, Inc.",Student loan,Federal student loan servicing,Dealing with your lender or servicer,Trouble with how payments are being handled,Web,2026-03-12,Closed with explanation,,Yes,,MA,02125
20212951,2026-03-12,MOHELA,Student loan,Federal student loan servicing,Dealing with your lender or servicer,Don't agree with the fees charged,Web,2026-03-12,Untimely response,,No,Older American,GA,30058
20215077,2026-03-12,"Nelnet, Inc.",Student loan,Federal student loan servicing,Dealing with your lender or servicer,Don't agree with the fees charged,Web,2026-03-12,Closed with explanation,,Yes,,MN,55016
20216587,2026-03-12,Servicer under contract with Federal Student Aid,Student loan,Federal student loan servicing,Dealing with your lender or servicer,Received bad information about your loan,Web,2026-03-19,Untimely response,,No,,MA,02740
20219511,2026-03-12,SLM CORPORATION,Student loan,Private student loan,Dealing with your lender or servicer,Need information about your loan balance or loan terms,Web,2026-03-12,Closed with explanation,Company believes complaint is the result of an isolated error,Yes,,IL,61761
20221197,2026-03-12,EdFinancial Services,Student loan,Federal student loan servicing,Dealing with your lender or servicer,Problem with customer service,Web,2026-03-12,Closed with explanation,,Yes,Servicemember,AL,368XX
20221859,2026-03-12,Central Research Inc,Student loan,Federal student loan servicing,Dealing with your lender or servicer,Trouble with how payments are being handled,Web,2026-03-12,Closed with explanation,,Yes,,GA,30305
20222805,2026-03-13,MOHELA,Student loan,Federal student loan servicing,Dealing with your lender or servicer,Received bad information about your loan,Web,2026-03-13,Closed with explanation,Company believes it acted appropriately as authorized by contract or law,Yes,,MD,20874
20222813,2026-03-13,"Nelnet, Inc.",Student loan,Federal student loan servicing,Dealing with your lender or servicer,Need information about your loan balance or loan terms,Web,2026-03-13,Closed with explanation,,Yes,Servicemember,FL,34746
20224537,2026-03-13,MOHELA,Student loan,Federal student loan servicing,Dealing with your lender or servicer,Trouble with how payments are being handled,Web,2026-03-13,Untimely response,,No,Servicemember,FL,32803
20225676,2026-03-13,"Nelnet, Inc.",Student loan,Federal student loan servicing,Dealing with your lender or servicer,Received bad information about your loan,Web,2026-03-13,Closed with explanation,,Yes,,TX,791XX
20228220,2026-03-13,Climb Credit Inc.,Student loan,Private student loan,Dealing with your lender or servicer,Problem with customer service,Web,2026-05-05,Closed with explanation,,Yes,,NE,680XX
20233016,2026-03-13,Servicer under contract with Federal Student Aid,Student loan,Federal student loan servicing,Dealing with your lender or servicer,Don't agree with the fees charged,Web,2026-03-19,Untimely response,,No,,NJ,08104
20234813,2026-03-13,"Nelnet, Inc.",Student loan,Federal student loan servicing,Dealing with your lender or servicer,Need information about your loan balance or loan terms,Web,2026-03-13,Closed with explanation,,Yes,,OH,43613
20236105,2026-03-13,"Maximus Federal Services, Inc.",Student loan,Federal student loan servicing,Dealing with your lender or servicer,Trouble with how payments are being handled,Web,2026-03-25,Closed with explanation,,Yes,,FL,33810
20272912,2026-03-14,MOHELA,Student loan,Federal student loan servicing,Dealing with your lender or servicer,Received bad information about your loan,Web,2026-04-20,Untimely response,,No,,TX,78749
20278608,2026-03-15,"Nelnet, Inc.",Student loan,Federal student loan servicing,Dealing with your lender or servicer,Don't agree with the fees charged,Web,2026-03-15,Closed with explanation,,Yes,,OH,44312
20279396,2026-03-15,Servicer under contract with Federal Student Aid,Student loan,Federal student loan servicing,Dealing with your lender or servicer,Trouble with how payments are being handled,Web,2026-03-15,Untimely response,,No,,MI,48823
20281239,2026-03-15,MOHELA,Student loan,Federal student loan servicing,Dealing with your lender or servicer,Received bad information about your loan,Web,2026-04-21,Closed with explanation,,Yes,,MN,550XX
20281486,2026-03-15,"Navient Solutions, LLC.",Student loan,Federal student loan servicing,Dealing with your lender or servicer,Problem with customer service,Web,2026-03-15,Closed with explanation,,Yes,,TX,75501
20281534,2026-03-15,MOHELA,Student loan,Federal student loan servicing,Dealing with your lender or servicer,Need information about your loan balance or loan terms,Web,2026-03-15,Closed with explanation,Company believes it acted appropriately as authorized by contract or law,No,Older American,CA,90057
20281798,2026-03-15,EdFinancial Services,Student loan,Federal student loan servicing,Dealing with your lender or servicer,Received bad information about your loan,Web,2026-03-15,Closed with explanation,,Yes,,LA,71202
20281852,2026-03-15,"Maximus Federal Services, Inc.",Student loan,Federal student loan servicing,Dealing with your lender or servicer,Received bad information about your loan,Web,2026-03-15,Closed with explanation,,Yes,,IL,60076
20282552,2026-03-15,"Maximus Federal Services, Inc.",Student loan,Federal student loan servicing,Dealing with your lender or servicer,Trouble with how payments are being handled,Web,2026-03-15,Closed with explanation,,Yes,Servicemember,VA,24060
20282737,2026-03-15,"Maximus Federal Services, Inc.",Student loan,Federal student loan servicing,Dealing with your lender or servicer,Need information about your loan balance or loan terms,Web,2026-03-15,Closed with explanation,,Yes,Servicemember,GA,30019
20283101,2026-03-15,MOHELA,Student loan,Federal student loan servicing,Dealing with your lender or servicer,Received bad information about your loan,Web,2026-03-15,Untimely response,,No,Older American,MD,20785
20284357,2026-03-15,"Nelnet, Inc.",Student loan,Federal student loan servicing,Dealing with your lender or servicer,Trouble with how payments are being handled,Web,2026-03-15,Closed with explanation,,Yes,,CA,93101
20284758,2026-03-15,MOHELA,Student loan,Federal student loan servicing,Dealing with your lender or servicer,Don't agree with the fees charged,Web,2026-03-15,Untimely response,,No,,IN,46235
20285450,2026-03-15,"Nelnet, Inc.",Student loan,Federal student loan servicing,Dealing with your lender or servicer,Received bad information about your loan,Web,2026-03-16,Closed with explanation,,Yes,,TX,77469
20285160,2026-03-16,TRANSWORLD SYSTEMS INC,Student loan,Federal student loan servicing,Dealing with your lender or servicer,Received bad information about your loan,Web,2026-03-16,Closed with explanation,,Yes,,GA,30087
20286214,2026-03-16,Universal Technical Institute,Student loan,Federal student loan servicing,Dealing with your lender or servicer,Trouble with how payments are being handled,Web,2026-03-16,Closed with explanation,,Yes,,FL,33177
20296090,2026-03-16,MOHELA,Student loan,Federal student loan servicing,Dealing with your lender or servicer,Trouble with how payments are being handled,Web,2026-03-16,Untimely response,,No,,VA,22193
20300584,2026-03-16,MOHELA,Student loan,Federal student loan servicing,Dealing with your lender or servicer,Received bad information about your loan,Web,2026-03-16,Untimely response,,No,,LA,70068
20320688,2026-03-17,"Maximus Federal Services, Inc.",Student loan,Federal student loan servicing,Dealing with your lender or servicer,Received bad information about your loan,Web,2026-03-17,Closed with explanation,,Yes,,OH,43204
20327783,2026-03-17,MOHELA,Student loan,Private student loan,Dealing with your lender or servicer,Received bad information about your loan,Web,2026-03-17,Closed with explanation,,Yes,,IL,60639
20329735,2026-03-17,MOHELA,Student loan,Private student loan,Dealing with your lender or servicer,Don't agree with the fees charged,Web,2026-03-18,Closed with explanation,,Yes,,NJ,08638
20332500,2026-03-17,MOHELA,Student loan,Federal student loan servicing,Dealing with your lender or servicer,Trouble with how payments are being handled,Web,2026-03-17,Untimely response,,No,,CO,80634
20332954,2026-03-17,"Navient Solutions, LLC.",Student loan,Private student loan,Dealing with your lender or servicer,Received bad information about your loan,Web,2026-03-17,Closed with explanation,,Yes,,VA,22602
20335090,2026-03-17,EdFinancial Services,Student loan,Federal student loan servicing,Dealing with your lender or servicer,Trouble with how payments are being handled,Web,2026-03-17,Closed with explanation,,Yes,,NC,28025
20335461,2026-03-17,MOHELA,Student loan,Federal student loan servicing,Dealing with your lender or servicer,Problem with customer service,Web,2026-03-17,Closed with explanation,,Yes,,TX,77539
20335702,2026-03-17,EdFinancial Services,Student loan,Federal student loan servicing,Dealing with your lender or servicer,Need information about your loan balance or loan terms,Web,2026-04-27,Closed with explanation,,Yes,,NC,27587
20337592,2026-03-17,"Nelnet, Inc.",Student loan,Federal student loan servicing,Dealing with your lender or servicer,Trouble with how payments are being handled,Web,2026-03-17,Closed with explanation,,Yes,,MI,48092
20338310,2026-03-17,"Navient Solutions, LLC.",Student loan,Private student loan,Dealing with your lender or servicer,Don't agree with the fees charged,Web,2026-03-17,Closed with explanation,,Yes,,AL,355XX
20338618,2026-03-17,"Nelnet, Inc.",Student loan,Federal student loan servicing,Dealing with your lender or servicer,Trouble with how payments are being handled,Web,2026-03-17,Closed with explanation,,Yes,,IL,60656
20341364,2026-03-17,"Maximus Federal Services, Inc.",Student loan,Federal student loan servicing,Dealing with your lender or servicer,Don't agree with the fees charged,Web,2026-03-25,Closed with explanation,,Yes,,VA,23701
20342287,2026-03-17,Servicer under contract with Federal Student Aid,Student loan,Federal student loan servicing,Dealing with your lender or servicer,Trouble with how payments are being handled,Web,2026-04-22,Untimely response,,No,,GA,30215
20342779,2026-03-17,MOHELA,Student loan,Federal student loan servicing,Dealing with your lender or servicer,Need information about your loan balance or loan terms,Web,2026-03-17,Closed with explanation,,Yes,,FL,325XX
20343018,2026-03-17,MOHELA,Student loan,Federal student loan servicing,Dealing with your lender or servicer,Problem with customer service,Web,2026-03-17,Closed with explanation,,No,Older American,AZ,85621
20355602,2026-03-17,MOHELA,Student loan,Federal student loan servicing,Dealing with your lender or servicer,Trouble with how payments are being handled,Web,2026-03-18,Untimely response,,No,,CA,94110
20359170,2026-03-18,"Nelnet, Inc.",Student loan,Federal student loan servicing,Dealing with your lender or servicer,Received bad information about your loan,Web,2026-03-18,Closed with explanation,,Yes,,OH,43110
20360623,2026-03-18,"Maximus Federal Services, Inc.",Student loan,Federal student loan servicing,Dealing with your lender or servicer,Problem with customer service,Web,2026-03-18,Closed with explanation,,Yes,,MS,39046
20365932,2026-03-18,MOHELA,Student loan,Federal student loan servicing,Dealing with your lender or servicer,Need information about your loan balance or loan terms,Web,2026-03-18,Untimely response,,No,,FL,33607
20371469,2026-03-18,"Maximus Federal Services, Inc.",Student loan,Federal student loan servicing,Dealing with your lender or servicer,Trouble with how payments are being handled,Web,2026-03-18,Closed with explanation,,Yes,,AL,366XX
20373784,2026-03-18,MOHELA,Student loan,Federal student loan servicing,Dealing with your lender or servicer,Received bad information about your loan,Web,2026-03-18,Closed with explanation,,Yes,,WA,98520
20375231,2026-03-18,EdFinancial Services,Student loan,Federal student loan servicing,Dealing with your lender or servicer,Received bad information about your loan,Web,2026-03-18,Closed with explanation,,Yes,Older American,NY,11209
20376156,2026-03-18,"Navient Solutions, LLC.",Student loan,Private student loan,Dealing with your lender or servicer,Trouble with how payments are being handled,Web,2026-03-18,Closed with explanation,,Yes,,NY,132XX
20376554,2026-03-18,EdFinancial Services,Student loan,Federal student loan servicing,Dealing with your lender or servicer,Trouble with how payments are being handled,Web,2026-04-22,Closed with explanation,,Yes,,MD,20874
20378675,2026-03-18,"Maximus Federal Services, Inc.",Student loan,Federal student loan servicing,Dealing with your lender or servicer,Don't agree with the fees charged,Web,2026-03-18,Closed with explanation,,Yes,,AZ,85745
20378792,2026-03-18,"Maximus Federal Services, Inc.",Student loan,Federal student loan servicing,Dealing with your lender or servicer,Trouble with how payments are being handled,Web,2026-03-18,Closed with explanation,,Yes,Servicemember,NY,128XX
20380213,2026-03-18,"Nelnet, Inc.",Student loan,Federal student loan servicing,Dealing with your lender or servicer,Trouble with how payments are being handled,Web,2026-03-18,Closed with explanation,,Yes,,NC,27527
20380637,2026-03-18,TRANSWORLD SYSTEMS INC,Student loan,Federal student loan servicing,Dealing with your lender or servicer,Received bad information about your loan,Web,2026-03-18,Closed with explanation,,Yes,,MN,554XX
20380664,2026-03-18,MOHELA,Student loan,Private student loan,Dealing with your lender or servicer,Trouble with how payments are being handled,Web,2026-03-18,Closed with explanation,,Yes,,KY,425XX
20381397,2026-03-18,Servicer under contract with Federal Student Aid,Student loan,Federal student loan servicing,Dealing with your lender or servicer,Need information about your loan balance or loan terms,Web,2026-03-18,Untimely response,,No,,LA,71202
20382494,2026-03-18,"Nelnet, Inc.",Student loan,Private student loan,Dealing with your lender or servicer,Trouble with how payments are being handled,Web,2026-03-18,Closed with explanation,,Yes,Servicemember,VA,23435
20384274,2026-03-18,MOHELA,Student loan,Federal student loan servicing,Dealing with your lender or servicer,Received bad information about your loan,Web,2026-03-18,Untimely response,,No,"Older American, Servicemember",PA,180XX
20384387,2026-03-18,MOHELA,Student loan,Federal student loan servicing,Dealing with your lender or servicer,Trouble with how payments are being handled,Web,2026-03-18,Closed with explanation,,No,,NY,10462
20386613,2026-03-18,"Maximus Federal Services, Inc.",Student loan,Federal student loan servicing,Dealing with your lender or servicer,Need information about your loan balance or loan terms,Web,2026-03-18,Closed with explanation,,Yes,,GA,30291
20393410,2026-03-18,Servicer under contract with Federal Student Aid,Student loan,Private student loan,Dealing with your lender or servicer,Received bad information about your loan,Web,2026-03-19,Untimely response,,No,Older American,CA,92336
20394167,2026-03-18,"Nelnet, Inc.",Student loan,Federal student loan servicing,Dealing with your lender or servicer,Received bad information about your loan,Web,2026-03-19,Closed with explanation,,Yes,,CA,91977
20394877,2026-03-19,AES/PHEAA,Student loan,Private student loan,Dealing with your lender or servicer,Problem with customer service,Web,2026-03-19,Closed with explanation,,Yes,"Older American, Servicemember",CO,80128
20395933,2026-03-19,MOHELA,Student loan,Federal student loan servicing,Dealing with your lender or servicer,Problem with customer service,Web,2026-03-19,Untimely response,,No,,TN,37013
20405709,2026-03-19,"Maximus Federal Services, Inc.",Student loan,Federal student loan servicing,Dealing with your lender or servicer,Received bad information about your loan,Web,2026-03-19,Closed with explanation,,Yes,,MA,025XX
20406413,2026-03-19,MOHELA,Student loan,Federal student loan servicing,Dealing with your lender or servicer,Received bad information about your loan,Web,2026-03-19,Closed with explanation,Company believes it acted appropriately as authorized by contract or law,No,,GA,30813
20408029,2026-03-19,MOHELA,Student loan,Federal student loan servicing,Dealing with your lender or servicer,Trouble with how payments are being handled,Web,2026-03-19,Untimely response,,No,,MI,483XX
20431879,2026-03-19,MOHELA,Student loan,Federal student loan servicing,Dealing with your lender or servicer,Trouble with how payments are being handled,Web,2026-03-31,Untimely response,,No,,MD,21230
20457888,2026-03-20,"Maximus Federal Services, Inc.",Student loan,Federal student loan servicing,Dealing with your lender or servicer,Received bad information about your loan,Web,2026-03-25,Closed with explanation,,Yes,,TN,37206
20479761,2026-03-21,MOHELA,Student loan,Federal student loan servicing,Dealing with your lender or servicer,Don't agree with the fees charged,Web,2026-04-27,Untimely response,,No,,IN,472XX
20487538,2026-03-22,"Nelnet, Inc.",Student loan,Federal student loan servicing,Dealing with your lender or servicer,Don't agree with the fees charged,Web,2026-03-22,Closed with explanation,,Yes,,CO,80205
20487679,2026-03-22,MOHELA,Student loan,Federal student loan servicing,Dealing with your lender or servicer,Don't agree with the fees charged,Web,2026-03-22,Closed with non-monetary relief,,Yes,,MI,488XX
20489263,2026-03-22,MOHELA,Student loan,Private student loan,Dealing with your lender or servicer,Trouble with how payments are being handled,Web,2026-03-23,Closed with explanation,,Yes,,NC,273XX
20489273,2026-03-22,MOHELA,Student loan,Private student loan,Dealing with your lender or servicer,Received bad information about your loan,Web,2026-03-22,Closed with explanation,,Yes,,LA,704XX
20490496,2026-03-22,"Maximus Federal Services, Inc.",Student loan,Federal student loan servicing,Dealing with your lender or servicer,Received bad information about your loan,Web,2026-03-22,Closed with explanation,,Yes,,GA,30316
20490848,2026-03-22,MOHELA,Student loan,Federal student loan servicing,Dealing with your lender or servicer,Co-signer,Web,2026-03-22,Closed with explanation,,Yes,"Older American, Servicemember",FL,32909
20491749,2026-03-22,"Nelnet, Inc.",Student loan,Federal student loan servicing,Dealing with your lender or servicer,Don't agree with the fees charged,Web,2026-03-22,Closed with explanation,,Yes,,SC,29615
20492325,2026-03-22,MOHELA,Student loan,Federal student loan servicing,Dealing with your lender or servicer,Received bad information about your loan,Web,2026-03-22,Closed with explanation,Company believes it acted appropriately as authorized by contract or law,No,,WA,98166
20494091,2026-03-23,MOHELA,Student loan,Federal student loan servicing,Dealing with your lender or servicer,Received bad information about your loan,Web,2026-03-23,Closed with explanation,,No,,WA,98607
20494319,2026-03-23,MOHELA,Student loan,Federal student loan servicing,Dealing with your lender or servicer,Trouble with how payments are being handled,Web,2026-03-23,Untimely response,,No,Servicemember,OH,43206
20498442,2026-03-23,MOHELA,Student loan,Private student loan,Dealing with your lender or servicer,Don't agree with the fees charged,Web,2026-03-23,Closed with explanation,,Yes,,NY,10462
20498967,2026-03-23,"Nelnet, Inc.",Student loan,Federal student loan servicing,Dealing with your lender or servicer,Received bad information about your loan,Web,2026-03-23,Closed with explanation,,Yes,,FL,33496
20502109,2026-03-23,MOHELA,Student loan,Private student loan,Dealing with your lender or servicer,Received bad information about your loan,Web,2026-03-23,Closed with explanation,,Yes,,MO,64068
20503017,2026-03-23,MOHELA,Student loan,Federal student loan servicing,Dealing with your lender or servicer,Received bad information about your loan,Web,2026-03-23,Untimely response,,No,,WA,98682
20504452,2026-03-23,"Maximus Federal Services, Inc.",Student loan,Federal student loan servicing,Dealing with your lender or servicer,Received bad information about your loan,Web,2026-03-23,Closed with explanation,,Yes,,TX,75034
20504909,2026-03-23,Servicer under contract with Federal Student Aid,Student loan,Federal student loan servicing,Dealing with your lender or servicer,Need information about your loan balance or loan terms,Web,2026-03-23,Untimely response,,No,,NE,681XX
20506930,2026-03-23,Servicer under contract with Federal Student Aid,Student loan,Private student loan,Dealing with your lender or servicer,Keep getting calls about your loan,Web,2026-04-28,Untimely response,,No,,CA,90028
20507639,2026-03-23,Servicer under contract with Federal Student Aid,Student loan,Federal student loan servicing,Dealing with your lender or servicer,Received bad information about your loan,Web,2026-03-23,Untimely response,,No,,FL,33496
20508674,2026-03-23,"Maximus Federal Services, Inc.",Student loan,Federal student loan servicing,Dealing with your lender or servicer,Need information about your loan balance or loan terms,Web,2026-03-23,Closed with explanation,,Yes,Servicemember,OK,730XX
20509526,2026-03-23,Climb Credit Inc.,Student loan,Private student loan,Dealing with your lender or servicer,Don't agree with the fees charged,Web,2026-03-23,Closed with explanation,,Yes,,VA,23693
20512744,2026-03-23,"SOFI TECHNOLOGIES, INC.",Student loan,Private student loan,Dealing with your lender or servicer,Trouble with how payments are being handled,Web,2026-03-23,Closed with explanation,,Yes,,NY,11201
20513688,2026-03-23,"Nelnet, Inc.",Student loan,Federal student loan servicing,Dealing with your lender or servicer,Received bad information about your loan,Web,2026-03-23,Closed with explanation,,Yes,,FL,33461
20518358,2026-03-23,MOHELA,Student loan,Federal student loan servicing,Dealing with your lender or servicer,Received bad information about your loan,Web,2026-03-23,Untimely response,,No,,NJ,085XX
20527957,2026-03-24,MOHELA,Student loan,Federal student loan servicing,Dealing with your lender or servicer,Trouble with how payments are being handled,Web,2026-03-24,Untimely response,,No,,WA,98199
20532462,2026-03-24,"Nelnet, Inc.",Student loan,Private student loan,Dealing with your lender or servicer,Trouble with how payments are being handled,Web,2026-03-24,Closed with explanation,,Yes,,,XXXXX
20541315,2026-03-24,"Portnoy Schneck, L.L.C.",Student loan,Private student loan,Dealing with your lender or servicer,Keep getting calls about your loan,Web,2026-03-24,Closed with explanation,,Yes,,PA,18103
20541337,2026-03-24,"Maximus Federal Services, Inc.",Student loan,Federal student loan servicing,Dealing with your lender or servicer,Problem with customer service,Web,2026-03-24,Closed with explanation,,Yes,,AR,72205
20543953,2026-03-24,"Maximus Federal Services, Inc.",Student loan,Federal student loan servicing,Dealing with your lender or servicer,Trouble with how payments are being handled,Web,2026-04-29,Closed with explanation,,Yes,,NY,11201
20547501,2026-03-24,"Nelnet, Inc.",Student loan,Federal student loan servicing,Dealing with your lender or servicer,Received bad information about your loan,Web,2026-03-24,Closed with explanation,,Yes,,GA,30180
20549041,2026-03-24,MOHELA,Student loan,Federal student loan servicing,Dealing with your lender or servicer,Received bad information about your loan,Web,2026-03-24,Untimely response,,No,,CA,92065
20550227,2026-03-24,"Nelnet, Inc.",Student loan,Federal student loan servicing,Dealing with your lender or servicer,Received bad information about your loan,Web,2026-05-04,Closed with explanation,,Yes,,VA,22630
20563934,2026-03-25,Servicer under contract with Federal Student Aid,Student loan,Federal student loan servicing,Dealing with your lender or servicer,Trouble with how payments are being handled,Web,2026-03-25,Untimely response,,No,Servicemember,TX,79602
20565234,2026-03-25,"Nelnet, Inc.",Student loan,Federal student loan servicing,Dealing with your lender or servicer,Received bad information about your loan,Web,2026-03-25,Closed with explanation,,Yes,,CA,90064
20568143,2026-03-25,MOHELA,Student loan,Federal student loan servicing,Dealing with your lender or servicer,Received bad information about your loan,Web,2026-03-25,Closed with explanation,Company believes it acted appropriately as authorized by contract or law,No,,UT,846XX
20569483,2026-03-25,MOHELA,Student loan,Federal student loan servicing,Dealing with your lender or servicer,Don't agree with the fees charged,Web,2026-03-25,Untimely response,,No,,NY,11205
20569768,2026-03-25,MOHELA,Student loan,Federal student loan servicing,Dealing with your lender or servicer,Trouble with how payments are being handled,Web,2026-03-25,Untimely response,,No,,IA,503XX
20573391,2026-03-25,MOHELA,Student loan,Federal student loan servicing,Dealing with your lender or servicer,Received bad information about your loan,Web,2026-03-25,Untimely response,,No,,PA,18018
20575455,2026-03-25,EdFinancial Services,Student loan,Federal student loan servicing,Dealing with your lender or servicer,Received bad information about your loan,Web,2026-03-25,Closed with explanation,,Yes,,NC,28086
20578124,2026-03-25,Servicer under contract with Federal Student Aid,Student loan,Federal student loan servicing,Dealing with your lender or servicer,Trouble with how payments are being handled,Web,2026-03-25,Untimely response,,No,,MO,64133
20583261,2026-03-25,"Nelnet, Inc.",Student loan,Federal student loan servicing,Dealing with your lender or servicer,Trouble with how payments are being handled,Web,2026-03-25,Closed with explanation,,Yes,,NY,14127
20604758,2026-03-26,Central Research Inc,Student loan,Federal student loan servicing,Dealing with your lender or servicer,Received bad information about your loan,Web,2026-03-26,Closed with explanation,,Yes,,MD,212XX
20605671,2026-03-26,EdFinancial Services,Student loan,Federal student loan servicing,Dealing with your lender or servicer,Trouble with how payments are being handled,Web,2026-03-26,Closed with explanation,,Yes,Servicemember,NH,038XX
20608189,2026-03-26,MOHELA,Student loan,Federal student loan servicing,Dealing with your lender or servicer,Received bad information about your loan,Web,2026-03-26,Untimely response,,No,,TX,77047
20610751,2026-03-26,"Maximus Federal Services, Inc.",Student loan,Federal student loan servicing,Dealing with your lender or servicer,Trouble with how payments are being handled,Web,2026-03-31,Closed with explanation,,Yes,,MN,564XX
20615498,2026-03-26,Central Research Inc,Student loan,Federal student loan servicing,Dealing with your lender or servicer,Trouble with how payments are being handled,Web,2026-03-26,Closed with explanation,,Yes,,PA,15317
20615713,2026-03-26,"Maximus Federal Services, Inc.",Student loan,Federal student loan servicing,Dealing with your lender or servicer,Problem with customer service,Web,2026-03-26,Closed with explanation,,Yes,,MA,012XX
20617825,2026-03-26,SLM CORPORATION,Student loan,Private student loan,Dealing with your lender or servicer,Trouble with how payments are being handled,Web,2026-03-26,Closed with explanation,Company believes it acted appropriately as authorized by contract or law,Yes,,OH,448XX
20618216,2026-03-26,MOHELA,Student loan,Federal student loan servicing,Dealing with your lender or servicer,Need information about your loan balance or loan terms,Web,2026-03-26,Untimely response,,No,,OH,43229
20639324,2026-03-26,MOHELA,Student loan,Federal student loan servicing,Dealing with your lender or servicer,Trouble with how payments are being handled,Web,2026-03-26,Untimely response,,No,,OK,735XX
20689301,2026-03-26,"Maximus Federal Services, Inc.",Student loan,Federal student loan servicing,Dealing with your lender or servicer,Need information about your loan balance or loan terms,Web,2026-03-26,Closed with explanation,,Yes,,IL,XXXXX
20691244,2026-03-26,"Nelnet, Inc.",Student loan,Federal student loan servicing,Dealing with your lender or servicer,Trouble with how payments are being handled,Web,2026-03-26,Closed with explanation,,Yes,,FL,33556
20695331,2026-03-26,"Navient Solutions, LLC.",Student loan,Federal student loan servicing,Dealing with your lender or servicer,Problem with customer service,Web,2026-03-26,Closed with explanation,,Yes,,DC,20001
20697139,2026-03-26,MOHELA,Student loan,Federal student loan servicing,Dealing with your lender or servicer,Trouble with how payments are being handled,Web,2026-03-26,Untimely response,,No,,CA,93401
20702594,2026-03-27,EdFinancial Services,Student loan,Federal student loan servicing,Dealing with your lender or servicer,Received bad information about your loan,Web,2026-04-01,Closed with explanation,,Yes,,TX,77406
20704604,2026-03-27,Servicer under contract with Federal Student Aid,Student loan,Federal student loan servicing,Dealing with your lender or servicer,Don't agree with the fees charged,Web,2026-05-04,Untimely response,,No,,VA,231XX
20705276,2026-03-27,MOHELA,Student loan,Federal student loan servicing,Dealing with your lender or servicer,Trouble with how payments are being handled,Web,2026-03-27,Untimely response,,No,,OH,458XX
20718513,2026-03-27,Servicer under contract with Federal Student Aid,Student loan,Federal student loan servicing,Dealing with your lender or servicer,Trouble with how payments are being handled,Web,2026-04-16,Untimely response,,No,,MI,49426
20719945,2026-03-27,"Maximus Federal Services, Inc.",Student loan,Federal student loan servicing,Dealing with your lender or servicer,Received bad information about your loan,Web,2026-04-02,Closed with explanation,,Yes,Servicemember,OH,456XX
20736278,2026-03-27,Servicer under contract with Federal Student Aid,Student loan,Federal student loan servicing,Dealing with your lender or servicer,Received bad information about your loan,Web,2026-05-04,Untimely response,,No,,OH,43402
20753560,2026-03-29,"Nelnet, Inc.",Student loan,Federal student loan servicing,Dealing with your lender or servicer,Received bad information about your loan,Web,2026-03-29,Closed with explanation,,Yes,,VA,23111
20754449,2026-03-29,MOHELA,Student loan,Federal student loan servicing,Dealing with your lender or servicer,Don't agree with the fees charged,Web,2026-03-29,Closed with explanation,Company believes it acted appropriately as authorized by contract or law,No,,AZ,85234
20756442,2026-03-29,MOHELA,Student loan,Federal student loan servicing,Dealing with your lender or servicer,Received bad information about your loan,Web,2026-03-29,Untimely response,,No,,CT,064XX
20757008,2026-03-29,Central Research Inc,Student loan,Federal student loan servicing,Dealing with your lender or servicer,Need information about your loan balance or loan terms,Web,2026-03-29,Closed with explanation,,Yes,,IA,505XX
20757971,2026-03-29,MOHELA,Student loan,Federal student loan servicing,Dealing with your lender or servicer,Need information about your loan balance or loan terms,Web,2026-03-31,Closed with explanation,,Yes,,NC,28027
20758201,2026-03-29,MOHELA,Student loan,Federal student loan servicing,Dealing with your lender or servicer,Problem with customer service,Web,2026-03-29,Untimely response,,No,,MD,20720
20758417,2026-03-29,MOHELA,Student loan,Federal student loan servicing,Dealing with your lender or servicer,Trouble with how payments are being handled,Web,2026-03-29,Closed with explanation,,No,,NJ,078XX
20759516,2026-03-29,MOHELA,Student loan,Federal student loan servicing,Dealing with your lender or servicer,Problem with customer service,Web,2026-03-29,Untimely response,,No,,NY,10024
20760826,2026-03-30,"Nelnet, Inc.",Student loan,Federal student loan servicing,Dealing with your lender or servicer,Problem with customer service,Web,2026-03-30,Closed with explanation,,Yes,,TX,77388
20761052,2026-03-30,MOHELA,Student loan,Federal student loan servicing,Dealing with your lender or servicer,Trouble with how payments are being handled,Web,2026-03-30,Untimely response,,No,,NY,105XX
20761108,2026-03-30,MOHELA,Student loan,Federal student loan servicing,Dealing with your lender or servicer,Trouble with how payments are being handled,Web,2026-03-30,Closed with explanation,,Yes,,IN,46237
20762580,2026-03-30,"Maximus Federal Services, Inc.",Student loan,Federal student loan servicing,Dealing with your lender or servicer,Received bad information about your loan,Web,2026-03-31,Closed with explanation,,Yes,,NC,283XX
20770093,2026-03-30,MOHELA,Student loan,Private student loan,Dealing with your lender or servicer,Received bad information about your loan,Web,2026-03-31,Closed with explanation,,Yes,Servicemember,TX,77053
20770120,2026-03-30,"Navient Solutions, LLC.",Student loan,Private student loan,Dealing with your lender or servicer,Trouble with how payments are being handled,Web,2026-05-06,Closed with explanation,,Yes,,OH,444XX
20773258,2026-03-30,"Maximus Federal Services, Inc.",Student loan,Federal student loan servicing,Dealing with your lender or servicer,Received bad information about your loan,Web,2026-03-30,Closed with explanation,,Yes,,DE,19904
20774256,2026-03-30,MOHELA,Student loan,Federal student loan servicing,Dealing with your lender or servicer,Trouble with how payments are being handled,Web,2026-03-30,Untimely response,,No,,NY,10065
20775906,2026-03-30,"Nelnet, Inc.",Student loan,Private student loan,Dealing with your lender or servicer,Trouble with how payments are being handled,Web,2026-03-30,Closed with explanation,,Yes,,,XXXXX
20776162,2026-03-30,MOHELA,Student loan,Federal student loan servicing,Dealing with your lender or servicer,Received bad information about your loan,Web,2026-03-30,Untimely response,,No,,TX,78745
20778235,2026-03-30,"Navient Solutions, LLC.",Student loan,Federal student loan servicing,Dealing with your lender or servicer,Don't agree with the fees charged,Web,2026-03-30,Closed with explanation,,Yes,,OH,44134
20779116,2026-03-30,MOHELA,Student loan,Federal student loan servicing,Dealing with your lender or servicer,Trouble with how payments are being handled,Web,2026-03-30,Untimely response,,No,,TX,77478
20779390,2026-03-30,MOHELA,Student loan,Federal student loan servicing,Dealing with your lender or servicer,Trouble with how payments are being handled,Web,2026-03-30,Untimely response,,No,,VA,22554
20782024,2026-03-30,Servicer under contract with Federal Student Aid,Student loan,Federal student loan servicing,Dealing with your lender or servicer,Need information about your loan balance or loan terms,Web,2026-03-30,Untimely response,,No,,VA,22801
20782734,2026-03-30,MOHELA,Student loan,Private student loan,Dealing with your lender or servicer,Received bad information about your loan,Web,2026-03-30,Closed with explanation,,Yes,Older American,OH,44281
20784982,2026-03-30,Central Research Inc,Student loan,Federal student loan servicing,Dealing with your lender or servicer,Received bad information about your loan,Web,2026-03-30,Closed with explanation,,Yes,,FL,33180
20785214,2026-03-30,MOHELA,Student loan,Private student loan,Dealing with your lender or servicer,Received bad information about your loan,Web,2026-03-30,Closed with explanation,,Yes,,KS,671XX
20787803,2026-03-30,MOHELA,Student loan,Federal student loan servicing,Dealing with your lender or servicer,Trouble with how payments are being handled,Web,2026-03-30,Untimely response,,No,,PA,190XX
20788323,2026-03-30,MOHELA,Student loan,Federal student loan servicing,Dealing with your lender or servicer,Trouble with how payments are being handled,Web,2026-03-30,Untimely response,,No,,FL,32707
20789066,2026-03-30,MOHELA,Student loan,Federal student loan servicing,Dealing with your lender or servicer,Received bad information about your loan,Web,2026-03-30,Untimely response,,No,,MA,015XX
20790730,2026-03-30,"Maximus Federal Services, Inc.",Student loan,Federal student loan servicing,Dealing with your lender or servicer,Received bad information about your loan,Web,2026-03-30,Closed with explanation,,Yes,,TX,XXXXX
20792711,2026-03-31,Ascent Holding Co,Student loan,Private student loan,Dealing with your lender or servicer,Received bad information about your loan,Web,2026-04-16,Closed with explanation,Company believes it acted appropriately as authorized by contract or law,Yes,,FL,33326
20792991,2026-03-31,"Navient Solutions, LLC.",Student loan,Federal student loan servicing,Dealing with your lender or servicer,Trouble with how payments are being handled,Web,2026-03-31,Closed with explanation,,Yes,,AL,35023
20793076,2026-03-31,Central Research Inc,Student loan,Federal student loan servicing,Dealing with your lender or servicer,Received bad information about your loan,Web,2026-03-31,Closed with explanation,,Yes,,VA,22031
20793309,2026-03-31,MOHELA,Student loan,Private student loan,Dealing with your lender or servicer,Keep getting calls about your loan,Web,2026-03-31,Closed with explanation,,Yes,,CA,90807
20793545,2026-03-31,Servicer under contract with Federal Student Aid,Student loan,Federal student loan servicing,Dealing with your lender or servicer,Received bad information about your loan,Web,2026-03-31,Untimely response,,No,,LA,70117
20793723,2026-03-31,"Maximus Federal Services, Inc.",Student loan,Federal student loan servicing,Dealing with your lender or servicer,Received bad information about your loan,Web,2026-03-31,Closed with explanation,,Yes,,KY,403XX
20793855,2026-03-31,MOHELA,Student loan,Federal student loan servicing,Dealing with your lender or servicer,Received bad information about your loan,Web,2026-03-31,Untimely response,,No,,MI,48375
20794984,2026-03-31,"Maximus Federal Services, Inc.",Student loan,Federal student loan servicing,Dealing with your lender or servicer,Trouble with how payments are being handled,Web,2026-03-31,Closed with explanation,,Yes,,FL,339XX
20795999,2026-03-31,NAVY FEDERAL CREDIT UNION,Student loan,Private student loan,Dealing with your lender or servicer,Trouble with how payments are being handled,Web,2026-03-31,Closed with explanation,Company believes it acted appropriately as authorized by contract or law,Yes,Servicemember,GA,31324
20796087,2026-03-31,MOHELA,Student loan,Federal student loan servicing,Dealing with your lender or servicer,Received bad information about your loan,Web,2026-03-31,Closed with explanation,,No,,CA,92807
20796720,2026-03-31,SLM CORPORATION,Student loan,Private student loan,Dealing with your lender or servicer,Don't agree with the fees charged,Web,2026-03-31,Closed with explanation,Company believes it acted appropriately as authorized by contract or law,Yes,,WI,53703
20796722,2026-03-31,"Nelnet, Inc.",Student loan,Federal student loan servicing,Dealing with your lender or servicer,Received bad information about your loan,Web,2026-03-31,Closed with explanation,,Yes,,CA,95382
20804590,2026-03-31,"Nelnet, Inc.",Student loan,Private student loan,Dealing with your lender or servicer,Don't agree with the fees charged,Web,2026-03-31,Closed with explanation,,Yes,,TX,76240
20804937,2026-03-31,"Maximus Federal Services, Inc.",Student loan,Federal student loan servicing,Dealing with your lender or servicer,Trouble with how payments are being handled,Web,2026-05-07,Closed with explanation,,Yes,,NC,28590
20805724,2026-03-31,MOHELA,Student loan,Federal student loan servicing,Dealing with your lender or servicer,Trouble with how payments are being handled,Web,2026-03-31,Untimely response,,No,,WA,98155
20808398,2026-03-31,"Nelnet, Inc.",Student loan,Federal student loan servicing,Dealing with your lender or servicer,Trouble with how payments are being handled,Web,2026-03-31,Closed with explanation,,Yes,,MD,20902
20809728,2026-03-31,"Maximus Federal Services, Inc.",Student loan,Federal student loan servicing,Dealing with your lender or servicer,Problem with customer service,Web,2026-03-31,Closed with explanation,,Yes,,TN,38401
20810034,2026-03-31,"Maximus Federal Services, Inc.",Student loan,Federal student loan servicing,Dealing with your lender or servicer,Trouble with how payments are being handled,Web,2026-03-31,Closed with explanation,,Yes,,CO,801XX
20812199,2026-03-31,MOHELA,Student loan,Federal student loan servicing,Dealing with your lender or servicer,Trouble with how payments are being handled,Web,2026-03-31,Untimely response,,No,,NY,122XX
20814473,2026-03-31,Servicer under contract with Federal Student Aid,Student loan,Federal student loan servicing,Dealing with your lender or servicer,Received bad information about your loan,Web,2026-03-31,Untimely response,,No,,TX,78757
20814774,2026-03-31,MOHELA,Student loan,Federal student loan servicing,Dealing with your lender or servicer,Need information about your loan balance or loan terms,Web,2026-04-01,Closed with explanation,,Yes,,NV,89701
20814962,2026-03-31,Central Research Inc,Student loan,Federal student loan servicing,Dealing with your lender or servicer,Problem with customer service,Web,2026-03-31,Closed with explanation,,Yes,,VA,201XX
20818792,2026-03-31,MOHELA,Student loan,Private student loan,Dealing with your lender or servicer,Keep getting calls about your loan,Web,2026-03-31,Closed with explanation,,Yes,,TX,76180
20822097,2026-03-31,MOHELA,Student loan,Federal student loan servicing,Dealing with your lender or servicer,Received bad information about your loan,Web,2026-05-01,Closed with explanation,Company believes it acted appropriately as authorized by contract or law,No,,CA,949XX
20824851,2026-03-31,"Nelnet, Inc.",Student loan,Federal student loan servicing,Dealing with your lender or servicer,Received bad information about your loan,Web,2026-03-31,Closed with explanation,,Yes,,FL,33496
20825146,2026-03-31,EdFinancial Services,Student loan,Federal student loan servicing,Dealing with your lender or servicer,Received bad information about your loan,Web,2026-03-31,Closed with explanation,,Yes,,IL,60625
20825413,2026-03-31,Earnest Inc.,Student loan,Private student loan,Dealing with your lender or servicer,Need information about your loan balance or loan terms,Web,2026-03-31,Closed with explanation,,Yes,,FL,34638
20827883,2026-03-31,EdFinancial Services,Student loan,Federal student loan servicing,Dealing with your lender or servicer,Trouble with how payments are being handled,Web,2026-03-31,Closed with explanation,,Yes,,SC,29445
20828689,2026-03-31,MOHELA,Student loan,Federal student loan servicing,Dealing with your lender or servicer,Received bad information about your loan,Web,2026-03-31,Untimely response,,No,Older American,GA,30043
20831423,2026-04-01,"Nelnet, Inc.",Student loan,Federal student loan servicing,Dealing with your lender or servicer,Received bad information about your loan,Web,2026-04-01,Closed with explanation,,Yes,,AL,35749
20831614,2026-04-01,MOHELA,Student loan,Federal student loan servicing,Dealing with your lender or servicer,Received bad information about your loan,Web,2026-04-01,Untimely response,,No,,AZ,85257
20833115,2026-04-01,MOHELA,Student loan,Federal student loan servicing,Dealing with your lender or servicer,Received bad information about your loan,Web,2026-04-01,Untimely response,,No,,NY,125XX
20833633,2026-04-01,"College Ave Student Loan Servicing, LLC",Student loan,Private student loan,Dealing with your lender or servicer,Trouble with how payments are being handled,Web,2026-04-01,Closed with explanation,,Yes,,NY,137XX
20835766,2026-04-01,MOHELA,Student loan,Federal student loan servicing,Dealing with your lender or servicer,Trouble with how payments are being handled,Web,2026-04-01,Untimely response,,No,,WA,98802
20838315,2026-04-01,"Nelnet, Inc.",Student loan,Federal student loan servicing,Dealing with your lender or servicer,Received bad information about your loan,Web,2026-04-01,Closed with explanation,,Yes,,FL,34609
20840921,2026-04-01,"Maximus Federal Services, Inc.",Student loan,Federal student loan servicing,Dealing with your lender or servicer,Received bad information about your loan,Web,2026-04-01,Closed with explanation,,Yes,,IL,60615
20841785,2026-04-01,"Maximus Federal Services, Inc.",Student loan,Federal student loan servicing,Dealing with your lender or servicer,Received bad information about your loan,Web,2026-04-01,Closed with explanation,,Yes,,TN,37921
20844298,2026-04-01,MOHELA,Student loan,Federal student loan servicing,Dealing with your lender or servicer,Problem with customer service,Web,2026-04-01,Untimely response,,No,,NY,13210
20846277,2026-04-01,MOHELA,Student loan,Federal student loan servicing,Dealing with your lender or servicer,Received bad information about your loan,Web,2026-04-01,Untimely response,,No,,IL,60189
20847030,2026-04-01,Climb Credit Inc.,Student loan,Federal student loan servicing,Dealing with your lender or servicer,Received bad information about your loan,Web,2026-04-01,Closed with explanation,,Yes,,CA,94080
20850191,2026-04-01,MOHELA,Student loan,Federal student loan servicing,Dealing with your lender or servicer,Received bad information about your loan,Web,2026-04-01,Untimely response,,No,,NY,11217
20850705,2026-04-01,Servicer under contract with Federal Student Aid,Student loan,Federal student loan servicing,Dealing with your lender or servicer,Received bad information about your loan,Web,2026-04-01,Untimely response,,No,,NV,89011
20850938,2026-04-01,"Navient Solutions, LLC.",Student loan,Federal student loan servicing,Dealing with your lender or servicer,Received bad information about your loan,Web,2026-04-01,Closed with explanation,,Yes,Servicemember,WA,98201
20853396,2026-04-01,MOHELA,Student loan,Federal student loan servicing,Dealing with your lender or servicer,Problem with customer service,Web,2026-04-01,Closed with explanation,Company believes it acted appropriately as authorized by contract or law,Yes,,MI,48442
20853406,2026-04-01,MOHELA,Student loan,Federal student loan servicing,Dealing with your lender or servicer,Received bad information about your loan,Web,2026-04-01,Untimely response,,No,,GA,30214
20862355,2026-04-01,"Nelnet, Inc.",Student loan,Federal student loan servicing,Dealing with your lender or servicer,Trouble with how payments are being handled,Web,2026-04-01,Closed with explanation,,Yes,,OK,74464
20862605,2026-04-01,PNC Bank N.A.,Student loan,Private student loan,Dealing with your lender or servicer,Problem with customer service,Web,2026-04-01,Closed with explanation,,Yes,,RI,02816
20864341,2026-04-01,MOHELA,Student loan,Federal student loan servicing,Dealing with your lender or servicer,Received bad information about your loan,Web,2026-04-01,Untimely response,,No,,OH,43068
20865015,2026-04-01,MOHELA,Student loan,Private student loan,Dealing with your lender or servicer,Trouble with how payments are being handled,Web,2026-04-01,Closed with explanation,,Yes,,GA,30046
20865487,2026-04-01,"Maximus Federal Services, Inc.",Student loan,Federal student loan servicing,Dealing with your lender or servicer,Received bad information about your loan,Web,2026-04-02,Closed with explanation,,Yes,,NY,10023
20866448,2026-04-01,"SOFI TECHNOLOGIES, INC.",Student loan,Private student loan,Dealing with your lender or servicer,Trouble with how payments are being handled,Web,2026-04-01,Closed with explanation,,Yes,,MO,65109
20872102,2026-04-02,MOHELA,Student loan,Federal student loan servicing,Dealing with your lender or servicer,Don't agree with the fees charged,Web,2026-04-02,Untimely response,,No,,FL,320XX
20875310,2026-04-02,"Nelnet, Inc.",Student loan,Federal student loan servicing,Dealing with your lender or servicer,Trouble with how payments are being handled,Web,2026-04-02,Closed with explanation,,Yes,,AZ,85022
20881144,2026-04-02,"Nelnet, Inc.",Student loan,Federal student loan servicing,Dealing with your lender or servicer,Trouble with how payments are being handled,Web,2026-04-02,Closed with explanation,,Yes,,CA,92037
20881323,2026-04-02,"Nelnet, Inc.",Student loan,Federal student loan servicing,Dealing with your lender or servicer,Trouble with how payments are being handled,Web,2026-04-02,Closed with explanation,,Yes,,MO,63116
20881387,2026-04-02,"Nelnet, Inc.",Student loan,Federal student loan servicing,Dealing with your lender or servicer,Don't agree with the fees charged,Web,2026-04-02,Closed with explanation,,Yes,,VA,20136
20881406,2026-04-02,"Nelnet, Inc.",Student loan,Federal student loan servicing,Dealing with your lender or servicer,Problem with customer service,Web,2026-04-02,Closed with explanation,,Yes,,LA,70461
20883491,2026-04-02,MOHELA,Student loan,Federal student loan servicing,Dealing with your lender or servicer,Trouble with how payments are being handled,Web,2026-04-02,Untimely response,,No,,VA,22310
20883982,2026-04-02,Central Research Inc,Student loan,Federal student loan servicing,Dealing with your lender or servicer,Trouble with how payments are being handled,Web,2026-04-02,Closed with explanation,,Yes,,IL,601XX
20886742,2026-04-02,Servicer under contract with Federal Student Aid,Student loan,Federal student loan servicing,Dealing with your lender or servicer,Received bad information about your loan,Web,2026-04-02,Untimely response,,No,,MI,49203
20886842,2026-04-02,AES/PHEAA,Student loan,Private student loan,Dealing with your lender or servicer,Trouble with how payments are being handled,Web,2026-04-02,Closed with explanation,,Yes,Servicemember,TX,77845
20889588,2026-04-02,Servicer under contract with Federal Student Aid,Student loan,Federal student loan servicing,Dealing with your lender or servicer,Problem with customer service,Web,2026-04-02,Untimely response,,No,,NE,68127
20891857,2026-04-02,MOHELA,Student loan,Private student loan,Dealing with your lender or servicer,Co-signer,Web,2026-04-02,Closed with explanation,,Yes,,NY,10012
20929582,2026-04-03,Servicer under contract with Federal Student Aid,Student loan,Federal student loan servicing,Dealing with your lender or servicer,Need information about your loan balance or loan terms,Web,2026-05-12,Untimely response,,No,,NY,11205
20956799,2026-04-05,Servicer under contract with Federal Student Aid,Student loan,Federal student loan servicing,Dealing with your lender or servicer,Trouble with how payments are being handled,Web,2026-04-05,Untimely response,,No,Servicemember,IN,46074
20958768,2026-04-05,"Maximus Federal Services, Inc.",Student loan,Federal student loan servicing,Dealing with your lender or servicer,Received bad information about your loan,Web,2026-04-05,Closed with explanation,,Yes,,FL,32084
20958814,2026-04-05,"Maximus Federal Services, Inc.",Student loan,Federal student loan servicing,Dealing with your lender or servicer,Received bad information about your loan,Web,2026-04-05,Closed with explanation,,Yes,,FL,33467
20959585,2026-04-05,ZuntaFi Corp,Student loan,Private student loan,Dealing with your lender or servicer,Received bad information about your loan,Web,2026-04-05,Closed with explanation,Company believes it acted appropriately as authorized by contract or law,Yes,,MN,55372
20959954,2026-04-05,EdFinancial Services,Student loan,Federal student loan servicing,Dealing with your lender or servicer,Trouble with how payments are being handled,Web,2026-04-05,Closed with explanation,,Yes,Servicemember,MD,21230
20960237,2026-04-05,MOHELA,Student loan,Federal student loan servicing,Dealing with your lender or servicer,Received bad information about your loan,Web,2026-04-05,Closed with explanation,,No,,NJ,07003
20960405,2026-04-05,MOHELA,Student loan,Federal student loan servicing,Dealing with your lender or servicer,Received bad information about your loan,Web,2026-04-05,Untimely response,,No,,CA,90640
20960598,2026-04-05,EdFinancial Services,Student loan,Federal student loan servicing,Dealing with your lender or servicer,Problem with customer service,Web,2026-04-05,Closed with explanation,,Yes,,FL,32763
20960934,2026-04-05,"Nelnet, Inc.",Student loan,Federal student loan servicing,Dealing with your lender or servicer,Received bad information about your loan,Web,2026-04-05,Closed with explanation,,Yes,,MA,014XX
20961230,2026-04-05,MOHELA,Student loan,Federal student loan servicing,Dealing with your lender or servicer,Trouble with how payments are being handled,Web,2026-04-05,Untimely response,,No,,GA,30309
20962106,2026-04-05,EdFinancial Services,Student loan,Federal student loan servicing,Dealing with your lender or servicer,Received bad information about your loan,Web,2026-04-05,Closed with explanation,,Yes,,FL,323XX
20962460,2026-04-05,MOHELA,Student loan,Private student loan,Dealing with your lender or servicer,Trouble with how payments are being handled,Web,2026-04-05,Closed with explanation,,Yes,,ME,04401
20962742,2026-04-05,MOHELA,Student loan,Private student loan,Dealing with your lender or servicer,Problem with customer service,Web,2026-04-05,Closed with explanation,,Yes,,OR,97005
20962843,2026-04-06,MOHELA,Student loan,Federal student loan servicing,Dealing with your lender or servicer,Received bad information about your loan,Web,2026-04-06,Untimely response,,No,,IL,60614
20962844,2026-04-06,Central Research Inc,Student loan,Federal student loan servicing,Dealing with your lender or servicer,Received bad information about your loan,Web,2026-04-14,Closed with explanation,,Yes,,NC,27549
20963078,2026-04-06,MOHELA,Student loan,Federal student loan servicing,Dealing with your lender or servicer,Need information about your loan balance or loan terms,Web,2026-04-06,Untimely response,,No,,KS,67401
20963234,2026-04-06,MOHELA,Student loan,Federal student loan servicing,Dealing with your lender or servicer,Problem with customer service,Web,2026-04-06,Untimely response,,No,,NY,110XX
20964794,2026-04-06,MOHELA,Student loan,Federal student loan servicing,Dealing with your lender or servicer,Received bad information about your loan,Web,2026-04-06,Untimely response,,No,,CA,90292
20971131,2026-04-06,SLM CORPORATION,Student loan,Private student loan,Dealing with your lender or servicer,Received bad information about your loan,Web,2026-04-06,Closed with explanation,Company believes it acted appropriately as authorized by contract or law,Yes,,NJ,079XX
20971145,2026-04-06,MOHELA,Student loan,Private student loan,Dealing with your lender or servicer,Received bad information about your loan,Web,2026-04-06,Closed with explanation,,Yes,,LA,70817
20971252,2026-04-06,"Maximus Federal Services, Inc.",Student loan,Federal student loan servicing,Dealing with your lender or servicer,Received bad information about your loan,Web,2026-04-06,Closed with explanation,,Yes,,DE,19701
20971467,2026-04-06,Servicer under contract with Federal Student Aid,Student loan,Federal student loan servicing,Dealing with your lender or servicer,Problem with customer service,Web,2026-04-06,Untimely response,,No,,ID,83401
20971689,2026-04-06,MOHELA,Student loan,Federal student loan servicing,Dealing with your lender or servicer,Trouble with how payments are being handled,Web,2026-04-16,Untimely response,,No,,WV,251XX
20972085,2026-04-06,MOHELA,Student loan,Federal student loan servicing,Dealing with your lender or servicer,Received bad information about your loan,Web,2026-04-07,Closed with explanation,,Yes,,OH,43235
20972428,2026-04-06,MOHELA,Student loan,Federal student loan servicing,Dealing with your lender or servicer,Trouble with how payments are being handled,Web,2026-04-16,Untimely response,,No,,CA,93955
20972794,2026-04-06,MOHELA,Student loan,Federal student loan servicing,Dealing with your lender or servicer,Problem with customer service,Web,2026-04-06,Untimely response,,No,,SC,295XX
20975213,2026-04-06,MOHELA,Student loan,Federal student loan servicing,Dealing with your lender or servicer,Trouble with how payments are being handled,Web,2026-04-06,Untimely response,,No,,TX,78744
20975469,2026-04-06,MOHELA,Student loan,Federal student loan servicing,Dealing with your lender or servicer,Don't agree with the fees charged,Web,2026-04-06,Untimely response,,No,,IN,472XX
20976116,2026-04-06,MOHELA,Student loan,Federal student loan servicing,Dealing with your lender or servicer,Problem with customer service,Web,2026-04-06,Untimely response,,No,,TX,77840
20976842,2026-04-06,MOHELA,Student loan,Federal student loan servicing,Dealing with your lender or servicer,Trouble with how payments are being handled,Web,2026-04-06,Untimely response,,No,,NM,87507
20978377,2026-04-06,"Nelnet, Inc.",Student loan,Federal student loan servicing,Dealing with your lender or servicer,Need information about your loan balance or loan terms,Web,2026-04-06,Closed with explanation,,Yes,Servicemember,NC,28214
20978460,2026-04-06,"Nelnet, Inc.",Student loan,Federal student loan servicing,Dealing with your lender or servicer,Received bad information about your loan,Web,2026-04-06,Closed with explanation,,Yes,,MD,215XX
20981096,2026-04-06,Climb Credit Inc.,Student loan,Private student loan,Dealing with your lender or servicer,Received bad information about your loan,Web,2026-04-06,Closed with explanation,,Yes,,FL,32073
20981922,2026-04-06,MOHELA,Student loan,Federal student loan servicing,Dealing with your lender or servicer,Received bad information about your loan,Web,2026-04-06,Untimely response,,No,,PA,175XX
20982356,2026-04-06,Servicer under contract with Federal Student Aid,Student loan,Federal student loan servicing,Dealing with your lender or servicer,Problem with customer service,Web,2026-04-06,Untimely response,,No,,KS,662XX
20982414,2026-04-06,MOHELA,Student loan,Federal student loan servicing,Dealing with your lender or servicer,Received bad information about your loan,Web,2026-04-16,Untimely response,,No,,GA,30157
20982799,2026-04-06,MOHELA,Student loan,Federal student loan servicing,Dealing with your lender or servicer,Need information about your loan balance or loan terms,Web,2026-04-06,Closed with explanation,,No,,OK,730XX
20983685,2026-04-06,EdFinancial Services,Student loan,Federal student loan servicing,Dealing with your lender or servicer,Don't agree with the fees charged,Web,2026-04-06,Closed with explanation,,Yes,,PA,19150
20983959,2026-04-06,MOHELA,Student loan,Federal student loan servicing,Dealing with your lender or servicer,Received bad information about your loan,Web,2026-04-06,Untimely response,,No,,MI,48116
20984186,2026-04-06,Servicer under contract with Federal Student Aid,Student loan,Federal student loan servicing,Dealing with your lender or servicer,Received bad information about your loan,Web,2026-05-18,Untimely response,,No,,NY,10016
20984633,2026-04-06,Servicer under contract with Federal Student Aid,Student loan,Federal student loan servicing,Dealing with your lender or servicer,Received bad information about your loan,Web,2026-04-16,Untimely response,,No,Older American,NC,28277
20984945,2026-04-06,EdFinancial Services,Student loan,Federal student loan servicing,Dealing with your lender or servicer,Trouble with how payments are being handled,Web,2026-04-06,Closed with explanation,,Yes,,MI,48116
20986468,2026-04-06,"Nelnet, Inc.",Student loan,Federal student loan servicing,Dealing with your lender or servicer,Trouble with how payments are being handled,Web,2026-04-06,Closed with explanation,,Yes,,TX,77338
20987780,2026-04-06,Servicer under contract with Federal Student Aid,Student loan,Federal student loan servicing,Dealing with your lender or servicer,Need information about your loan balance or loan terms,Web,2026-04-06,Untimely response,,No,,NC,27516
20987988,2026-04-06,"Maximus Federal Services, Inc.",Student loan,Federal student loan servicing,Dealing with your lender or servicer,Need information about your loan balance or loan terms,Web,2026-04-06,Closed with explanation,,Yes,,CA,92114
20988133,2026-04-06,MOHELA,Student loan,Federal student loan servicing,Dealing with your lender or servicer,Don't agree with the fees charged,Web,2026-04-06,Untimely response,,No,,UT,84015
20988728,2026-04-06,MOHELA,Student loan,Federal student loan servicing,Dealing with your lender or servicer,Problem with customer service,Web,2026-04-06,Untimely response,,No,,PA,152XX
20989501,2026-04-06,MOHELA,Student loan,Private student loan,Dealing with your lender or servicer,Received bad information about your loan,Web,2026-05-15,Closed with explanation,,Yes,Older American,NJ,082XX
20991039,2026-04-06,SLM CORPORATION,Student loan,Private student loan,Dealing with your lender or servicer,Don't agree with the fees charged,Web,2026-04-06,Closed with explanation,Company believes it acted appropriately as authorized by contract or law,Yes,,PA,191XX
20991104,2026-04-06,"Nelnet, Inc.",Student loan,Private student loan,Dealing with your lender or servicer,Received bad information about your loan,Web,2026-04-06,Closed with explanation,,Yes,,CA,92116
20992634,2026-04-06,MOHELA,Student loan,Federal student loan servicing,Dealing with your lender or servicer,Received bad information about your loan,Web,2026-04-06,Closed with explanation,,No,,MD,21222
20995072,2026-04-07,MOHELA,Student loan,Federal student loan servicing,Dealing with your lender or servicer,Don't agree with the fees charged,Web,2026-04-07,Closed with explanation,,Yes,,CA,93446
20995970,2026-04-07,MOHELA,Student loan,Federal student loan servicing,Dealing with your lender or servicer,Received bad information about your loan,Web,2026-04-07,Untimely response,,No,,IL,60643
20996005,2026-04-07,"Nelnet, Inc.",Student loan,Federal student loan servicing,Dealing with your lender or servicer,Received bad information about your loan,Web,2026-04-07,Closed with explanation,,Yes,,CA,92116
20996173,2026-04-07,MOHELA,Student loan,Federal student loan servicing,Dealing with your lender or servicer,Trouble with how payments are being handled,Web,2026-04-07,Untimely response,,No,,CA,945XX
20996274,2026-04-07,MOHELA,Student loan,Federal student loan servicing,Dealing with your lender or servicer,Received bad information about your loan,Web,2026-04-16,Untimely response,,No,,IL,60453
20996476,2026-04-07,MOHELA,Student loan,Federal student loan servicing,Dealing with your lender or servicer,Problem with customer service,Web,2026-04-07,Untimely response,,No,Servicemember,GA,30281
20996577,2026-04-07,"Nelnet, Inc.",Student loan,Federal student loan servicing,Dealing with your lender or servicer,Problem with customer service,Web,2026-04-07,Closed with explanation,,Yes,,NY,11746
20997960,2026-04-07,MOHELA,Student loan,Federal student loan servicing,Dealing with your lender or servicer,Trouble with how payments are being handled,Web,2026-04-07,Untimely response,,No,,CO,80031
20998050,2026-04-07,Central Research Inc,Student loan,Federal student loan servicing,Dealing with your lender or servicer,Received bad information about your loan,Web,2026-04-07,Closed with explanation,,Yes,,IL,604XX
20998618,2026-04-07,MOHELA,Student loan,Federal student loan servicing,Dealing with your lender or servicer,Received bad information about your loan,Web,2026-04-07,Untimely response,,No,,MA,023XX
21005739,2026-04-07,Servicer under contract with Federal Student Aid,Student loan,Federal student loan servicing,Dealing with your lender or servicer,Problem with customer service,Web,2026-04-07,Untimely response,,No,Older American,,XXXXX
21007840,2026-04-07,MOHELA,Student loan,Federal student loan servicing,Dealing with your lender or servicer,Trouble with how payments are being handled,Web,2026-04-07,Untimely response,,No,,PA,19132
21007876,2026-04-07,MOHELA,Student loan,Federal student loan servicing,Dealing with your lender or servicer,Received bad information about your loan,Web,2026-04-07,Untimely response,,No,,MI,487XX
21009903,2026-04-07,MOHELA,Student loan,Federal student loan servicing,Dealing with your lender or servicer,Trouble with how payments are being handled,Web,2026-04-07,Untimely response,,No,Servicemember,MN,554XX
21011573,2026-04-07,MOHELA,Student loan,Private student loan,Dealing with your lender or servicer,Received bad information about your loan,Web,2026-04-07,Closed with explanation,,Yes,,FL,34743
21012929,2026-04-07,"Nelnet, Inc.",Student loan,Federal student loan servicing,Dealing with your lender or servicer,Problem with customer service,Web,2026-04-07,Closed with explanation,,Yes,Older American,PA,18974
21014518,2026-04-07,SLM CORPORATION,Student loan,Private student loan,Dealing with your lender or servicer,Don't agree with the fees charged,Web,2026-04-07,Closed with explanation,Company believes it acted appropriately as authorized by contract or law,Yes,,TX,759XX
21015631,2026-04-07,MOHELA,Student loan,Federal student loan servicing,Dealing with your lender or servicer,Problem with customer service,Web,2026-04-07,Closed with explanation,,Yes,,PA,16335
21018132,2026-04-07,MOHELA,Student loan,Federal student loan servicing,Dealing with your lender or servicer,Received bad information about your loan,Web,2026-04-16,Closed with explanation,Company believes it acted appropriately as authorized by contract or law,Yes,,PA,180XX
21023471,2026-04-07,MOHELA,Student loan,Federal student loan servicing,Dealing with your lender or servicer,Trouble with how payments are being handled,Web,2026-04-07,Untimely response,,No,,NY,14612
21025467,2026-04-07,"Nelnet, Inc.",Student loan,Federal student loan servicing,Dealing with your lender or servicer,Received bad information about your loan,Web,2026-04-07,Closed with explanation,,Yes,Servicemember,CO,809XX
21026078,2026-04-07,Servicer under contract with Federal Student Aid,Student loan,Federal student loan servicing,Dealing with your lender or servicer,Trouble with how payments are being handled,Web,2026-04-07,Untimely response,,No,,CA,95928
21027891,2026-04-07,AES/PHEAA,Student loan,Private student loan,Dealing with your lender or servicer,Trouble with how payments are being handled,Web,2026-04-07,Closed with explanation,,Yes,,MI,48423
21028069,2026-04-07,MOHELA,Student loan,Federal student loan servicing,Dealing with your lender or servicer,Don't agree with the fees charged,Web,2026-04-07,Untimely response,,No,,TX,75703
21030377,2026-04-07,MOHELA,Student loan,Federal student loan servicing,Dealing with your lender or servicer,Received bad information about your loan,Web,2026-04-07,Untimely response,,No,Servicemember,UT,84081
21033452,2026-04-07,EdFinancial Services,Student loan,Federal student loan servicing,Dealing with your lender or servicer,Received bad information about your loan,Web,2026-04-08,Closed with explanation,,Yes,,IL,60453
21034646,2026-04-08,ZuntaFi Corp,Student loan,Private student loan,Dealing with your lender or servicer,Need information about your loan balance or loan terms,Web,2026-05-19,Closed with explanation,Company believes it acted appropriately as authorized by contract or law,Yes,,CA,958XX
21039607,2026-04-08,MOHELA,Student loan,Federal student loan servicing,Dealing with your lender or servicer,Received bad information about your loan,Web,2026-04-08,Untimely response,,No,,PA,184XX
21039996,2026-04-08,"Nelnet, Inc.",Student loan,Federal student loan servicing,Dealing with your lender or servicer,Received bad information about your loan,Web,2026-04-08,Closed with explanation,,Yes,,FL,34952
21041106,2026-04-08,MOHELA,Student loan,Federal student loan servicing,Dealing with your lender or servicer,Received bad information about your loan,Web,2026-04-08,Untimely response,,No,,NY,117XX
21041324,2026-04-08,"Maximus Federal Services, Inc.",Student loan,Federal student loan servicing,Dealing with your lender or servicer,Trouble with how payments are being handled,Web,2026-04-16,Closed with explanation,,Yes,Servicemember,CA,90638
21042027,2026-04-08,MOHELA,Student loan,Federal student loan servicing,Dealing with your lender or servicer,Trouble with how payments are being handled,Web,2026-04-08,Untimely response,,No,,NE,68046
21043959,2026-04-08,"Nelnet, Inc.",Student loan,Federal student loan servicing,Dealing with your lender or servicer,Received bad information about your loan,Web,2026-04-08,Closed with explanation,,Yes,Older American,LA,XXXXX
21044807,2026-04-08,MOHELA,Student loan,Federal student loan servicing,Dealing with your lender or servicer,Need information about your loan balance or loan terms,Web,2026-04-08,Closed with explanation,,No,,PA,161XX
21046931,2026-04-08,MOHELA,Student loan,Federal student loan servicing,Dealing with your lender or servicer,Trouble with how payments are being handled,Web,2026-04-08,Untimely response,,No,,NC,28027
21046947,2026-04-08,"Nelnet, Inc.",Student loan,Federal student loan servicing,Dealing with your lender or servicer,Trouble with how payments are being handled,Web,2026-04-16,Closed with explanation,,Yes,,SC,29223
21048200,2026-04-08,Servicer under contract with Federal Student Aid,Student loan,Federal student loan servicing,Dealing with your lender or servicer,Received bad information about your loan,Web,2026-04-08,Untimely response,,No,,NY,117XX
21054086,2026-04-08,MOHELA,Student loan,Federal student loan servicing,Dealing with your lender or servicer,Problem with customer service,Web,2026-04-08,Closed with explanation,Company believes it acted appropriately as authorized by contract or law,No,,FL,34638
21056142,2026-04-08,MOHELA,Student loan,Private student loan,Dealing with your lender or servicer,Trouble with how payments are being handled,Web,2026-04-08,Closed with explanation,,Yes,,FL,32708
21056731,2026-04-08,MOHELA,Student loan,Federal student loan servicing,Dealing with your lender or servicer,Trouble with how payments are being handled,Web,2026-04-08,Untimely response,,No,,PA,19139
21059121,2026-04-08,"Nelnet, Inc.",Student loan,Federal student loan servicing,Dealing with your lender or servicer,Trouble with how payments are being handled,Web,2026-04-08,Closed with explanation,,Yes,,LA,70124
21059297,2026-04-08,MOHELA,Student loan,Federal student loan servicing,Dealing with your lender or servicer,Trouble with how payments are being handled,Web,2026-04-08,Untimely response,,No,,NY,119XX
21060318,2026-04-08,"Navient Solutions, LLC.",Student loan,Private student loan,Dealing with your lender or servicer,Received bad information about your loan,Web,2026-04-08,Closed with explanation,,Yes,,TX,75228
21062722,2026-04-08,Central Research Inc,Student loan,Federal student loan servicing,Dealing with your lender or servicer,Trouble with how payments are being handled,Web,2026-04-08,Closed with explanation,,Yes,,MA,015XX
21064277,2026-04-08,"Maximus Federal Services, Inc.",Student loan,Federal student loan servicing,Dealing with your lender or servicer,Received bad information about your loan,Web,2026-04-13,Closed with explanation,,Yes,,MO,63114
21065002,2026-04-08,Servicer under contract with Federal Student Aid,Student loan,Private student loan,Dealing with your lender or servicer,Received bad information about your loan,Web,2026-04-08,Untimely response,,No,Servicemember,TX,766XX
21071878,2026-04-08,MOHELA,Student loan,Federal student loan servicing,Dealing with your lender or servicer,Received bad information about your loan,Web,2026-04-08,Untimely response,,No,,NY,105XX
21073230,2026-04-08,Servicer under contract with Federal Student Aid,Student loan,Federal student loan servicing,Dealing with your lender or servicer,Received bad information about your loan,Web,2026-04-08,Untimely response,,No,,VA,23236
21073692,2026-04-08,MOHELA,Student loan,Federal student loan servicing,Dealing with your lender or servicer,Trouble with how payments are being handled,Web,2026-04-09,Closed with explanation,Company believes it acted appropriately as authorized by contract or law,Yes,Servicemember,PA,19083
21075515,2026-04-09,SLM CORPORATION,Student loan,Private student loan,Dealing with your lender or servicer,Received bad information about your loan,Web,2026-04-09,Closed with explanation,Company believes complaint is the result of an isolated error,Yes,,DE,19709
21077970,2026-04-09,MOHELA,Student loan,Federal student loan servicing,Dealing with your lender or servicer,Received bad information about your loan,Web,2026-04-09,Closed with explanation,,Yes,,NV,89183
21078256,2026-04-09,"Maximus Federal Services, Inc.",Student loan,Federal student loan servicing,Dealing with your lender or servicer,Received bad information about your loan,Web,2026-04-09,Closed with explanation,,Yes,,NV,89183
21078929,2026-04-09,MOHELA,Student loan,Private student loan,Dealing with your lender or servicer,Problem with customer service,Web,2026-04-09,Untimely response,,No,,SC,29609
21086281,2026-04-09,"Maximus Federal Services, Inc.",Student loan,Federal student loan servicing,Dealing with your lender or servicer,Need information about your loan balance or loan terms,Web,2026-04-09,Closed with explanation,,Yes,Older American,NY,11701
21088102,2026-04-09,Climb Credit Inc.,Student loan,Private student loan,Dealing with your lender or servicer,Trouble with how payments are being handled,Web,2026-04-09,Closed with explanation,,Yes,,TX,78572
21088483,2026-04-09,"Nelnet, Inc.",Student loan,Federal student loan servicing,Dealing with your lender or servicer,Trouble with how payments are being handled,Web,2026-04-09,Closed with explanation,,Yes,Older American,NY,11590
21089272,2026-04-09,"Nelnet, Inc.",Student loan,Federal student loan servicing,Dealing with your lender or servicer,Trouble with how payments are being handled,Web,2026-04-09,Closed with explanation,,Yes,,NC,28208
21090086,2026-04-09,MOHELA,Student loan,Federal student loan servicing,Dealing with your lender or servicer,Trouble with how payments are being handled,Web,2026-04-09,Untimely response,,No,,NJ,07040
21091396,2026-04-09,MOHELA,Student loan,Federal student loan servicing,Dealing with your lender or servicer,Problem with customer service,Web,2026-04-09,Untimely response,,No,,IN,46112
21095239,2026-04-09,Climb Credit Inc.,Student loan,Private student loan,Dealing with your lender or servicer,Problem with customer service,Web,2026-04-09,Closed with explanation,,Yes,,OR,97203
21097252,2026-04-09,MOHELA,Student loan,Federal student loan servicing,Dealing with your lender or servicer,Problem with customer service,Web,2026-04-09,Closed with explanation,,No,,CO,80031
21098229,2026-04-09,MOHELA,Student loan,Federal student loan servicing,Dealing with your lender or servicer,Trouble with how payments are being handled,Web,2026-04-09,Untimely response,,No,,CO,80120
21098581,2026-04-09,MOHELA,Student loan,Federal student loan servicing,Dealing with your lender or servicer,Don't agree with the fees charged,Web,2026-04-09,Untimely response,,No,,CO,80501
21098704,2026-04-09,"Maximus Federal Services, Inc.",Student loan,Federal student loan servicing,Dealing with your lender or servicer,Don't agree with the fees charged,Web,2026-04-09,Closed with explanation,,Yes,,CA,92532
21098905,2026-04-09,MOHELA,Student loan,Private student loan,Dealing with your lender or servicer,Keep getting calls about your loan,Web,2026-04-09,Closed with explanation,,Yes,,IL,60609
21100142,2026-04-09,MOHELA,Student loan,Federal student loan servicing,Dealing with your lender or servicer,Problem with customer service,Web,2026-04-09,Untimely response,,No,,NE,68116
21101215,2026-04-09,Central Research Inc,Student loan,Federal student loan servicing,Dealing with your lender or servicer,Trouble with how payments are being handled,Web,2026-04-09,Closed with explanation,,Yes,,CA,95828
21101305,2026-04-09,"Goal Structured Solutions, LLC",Student loan,Private student loan,Dealing with your lender or servicer,Trouble with how payments are being handled,Web,2026-04-09,Closed with explanation,,Yes,,VA,23323
21102503,2026-04-09,MOHELA,Student loan,Federal student loan servicing,Dealing with your lender or servicer,Trouble with how payments are being handled,Web,2026-04-09,Untimely response,,No,Servicemember,CA,91710
21102857,2026-04-09,"Nelnet, Inc.",Student loan,Federal student loan servicing,Dealing with your lender or servicer,Trouble with how payments are being handled,Web,2026-04-09,Closed with explanation,,Yes,,IL,617XX
21103673,2026-04-09,Servicer under contract with Federal Student Aid,Student loan,Federal student loan servicing,Dealing with your lender or servicer,Problem with customer service,Web,2026-04-09,Untimely response,,No,,NY,11779
21105431,2026-04-09,"Maximus Federal Services, Inc.",Student loan,Federal student loan servicing,Dealing with your lender or servicer,Received bad information about your loan,Web,2026-04-09,Closed with explanation,,Yes,,VA,24012
21106875,2026-04-09,"Nelnet, Inc.",Student loan,Federal student loan servicing,Dealing with your lender or servicer,Received bad information about your loan,Web,2026-04-09,Closed with explanation,,Yes,,VA,241XX
21108032,2026-04-09,MOHELA,Student loan,Private student loan,Dealing with your lender or servicer,Trouble with how payments are being handled,Web,2026-04-09,Closed with explanation,,Yes,Servicemember,GA,30349
21108423,2026-04-09,"Nelnet, Inc.",Student loan,Federal student loan servicing,Dealing with your lender or servicer,Received bad information about your loan,Web,2026-04-09,Closed with explanation,,Yes,,NY,11375
21109029,2026-04-09,"Maximus Federal Services, Inc.",Student loan,Federal student loan servicing,Dealing with your lender or servicer,Received bad information about your loan,Web,2026-04-13,Closed with explanation,,Yes,,VA,22182
21109646,2026-04-09,MOHELA,Student loan,Federal student loan servicing,Dealing with your lender or servicer,Received bad information about your loan,Web,2026-04-13,Closed with explanation,,Yes,Older American,WA,98126
21109787,2026-04-09,EdFinancial Services,Student loan,Federal student loan servicing,Dealing with your lender or servicer,Received bad information about your loan,Web,2026-04-09,Closed with explanation,,Yes,,MI,49503
21111096,2026-04-09,Central Research Inc,Student loan,Federal student loan servicing,Dealing with your lender or servicer,Received bad information about your loan,Web,2026-04-09,Closed with explanation,,Yes,,CT,06611
21111898,2026-04-09,MOHELA,Student loan,Private student loan,Dealing with your lender or servicer,Keep getting calls about your loan,Web,2026-04-09,Closed with explanation,,Yes,,CA,94116
21113738,2026-04-10,MOHELA,Student loan,Federal student loan servicing,Dealing with your lender or servicer,Received bad information about your loan,Web,2026-04-10,Closed with explanation,Company believes it acted appropriately as authorized by contract or law,No,,NY,130XX
21114243,2026-04-10,MOHELA,Student loan,Federal student loan servicing,Dealing with your lender or servicer,Trouble with how payments are being handled,Web,2026-04-10,Closed with explanation,,No,,CA,92130
21115073,2026-04-10,"Navient Solutions, LLC.",Student loan,Private student loan,Dealing with your lender or servicer,Keep getting calls about your loan,Web,2026-04-10,Closed with explanation,,Yes,,MO,63301
21115880,2026-04-10,EdFinancial Services,Student loan,Federal student loan servicing,Dealing with your lender or servicer,Trouble with how payments are being handled,Web,2026-04-10,Closed with explanation,,Yes,,MN,55449
21116740,2026-04-10,MOHELA,Student loan,Federal student loan servicing,Dealing with your lender or servicer,Received bad information about your loan,Web,2026-04-10,Untimely response,,No,,CA,90046
21118626,2026-04-10,"Maximus Federal Services, Inc.",Student loan,Federal student loan servicing,Dealing with your lender or servicer,Trouble with how payments are being handled,Web,2026-04-10,Closed with explanation,,Yes,,CA,93306
21133252,2026-04-10,MOHELA,Student loan,Federal student loan servicing,Dealing with your lender or servicer,Trouble with how payments are being handled,Web,2026-04-10,Untimely response,,No,,OR,97213
21133938,2026-04-10,"SOFI TECHNOLOGIES, INC.",Student loan,Private student loan,Dealing with your lender or servicer,Don't agree with the fees charged,Web,2026-04-14,Closed with explanation,,Yes,Servicemember,TX,766XX
21135028,2026-04-10,MOHELA,Student loan,Federal student loan servicing,Dealing with your lender or servicer,Received bad information about your loan,Web,2026-04-10,Closed with explanation,Company believes it acted appropriately as authorized by contract or law,No,,MN,55419
21136585,2026-04-10,MOHELA,Student loan,Federal student loan servicing,Dealing with your lender or servicer,Trouble with how payments are being handled,Web,2026-04-10,Closed with explanation,,No,,MO,641XX
21137741,2026-04-10,"Maximus Federal Services, Inc.",Student loan,Federal student loan servicing,Dealing with your lender or servicer,Problem with customer service,Web,2026-04-10,Closed with explanation,,Yes,,IA,52302
21139384,2026-04-10,MOHELA,Student loan,Federal student loan servicing,Dealing with your lender or servicer,Trouble with how payments are being handled,Web,2026-04-10,Closed with explanation,Company believes it acted appropriately as authorized by contract or law,No,,IL,60515
21142121,2026-04-10,MOHELA,Student loan,Federal student loan servicing,Dealing with your lender or servicer,Trouble with how payments are being handled,Web,2026-04-10,Untimely response,,No,,MT,599XX
21145534,2026-04-10,MOHELA,Student loan,Federal student loan servicing,Dealing with your lender or servicer,Problem with customer service,Web,2026-04-10,Closed with explanation,Company believes it acted appropriately as authorized by contract or law,No,,CA,XXXXX
21148491,2026-04-10,"Maximus Federal Services, Inc.",Student loan,Federal student loan servicing,Dealing with your lender or servicer,Received bad information about your loan,Web,2026-04-10,Closed with explanation,,Yes,,OK,73099
21148675,2026-04-10,MOHELA,Student loan,Federal student loan servicing,Dealing with your lender or servicer,Trouble with how payments are being handled,Web,2026-04-10,Closed with explanation,,Yes,,AZ,85711
21149225,2026-04-10,Servicer under contract with Federal Student Aid,Student loan,Federal student loan servicing,Dealing with your lender or servicer,Received bad information about your loan,Web,2026-04-10,Untimely response,,No,,NY,10901
21150124,2026-04-10,Central Research Inc,Student loan,Federal student loan servicing,Dealing with your lender or servicer,Trouble with how payments are being handled,Web,2026-04-11,Closed with explanation,,Yes,,PA,154XX
21150095,2026-04-11,Servicer under contract with Federal Student Aid,Student loan,Federal student loan servicing,Dealing with your lender or servicer,Received bad information about your loan,Web,2026-04-11,Untimely response,,No,,FL,32763
21150961,2026-04-11,MOHELA,Student loan,Federal student loan servicing,Dealing with your lender or servicer,Trouble with how payments are being handled,Web,2026-04-14,Closed with explanation,,Yes,,MA,021XX
21152788,2026-04-11,SLM CORPORATION,Student loan,Private student loan,Dealing with your lender or servicer,Trouble with how payments are being handled,Web,2026-04-11,Closed with explanation,Company believes it acted appropriately as authorized by contract or law,Yes,,NJ,07106
21156246,2026-04-11,SLM CORPORATION,Student loan,Private student loan,Dealing with your lender or servicer,Received bad information about your loan,Web,2026-04-11,Closed with explanation,Company believes it acted appropriately as authorized by contract or law,Yes,,CA,92596
21159000,2026-04-11,"Nelnet, Inc.",Student loan,Federal student loan servicing,Dealing with your lender or servicer,Need information about your loan balance or loan terms,Web,2026-04-11,Closed with explanation,,Yes,Servicemember,NY,14227
21160708,2026-04-11,MOHELA,Student loan,Federal student loan servicing,Dealing with your lender or servicer,Trouble with how payments are being handled,Web,2026-04-11,Untimely response,,No,Servicemember,IL,61821
21161515,2026-04-11,MOHELA,Student loan,Private student loan,Dealing with your lender or servicer,Received bad information about your loan,Web,2026-04-11,Closed with explanation,,Yes,,PA,18062
21162107,2026-04-11,MOHELA,Student loan,Federal student loan servicing,Dealing with your lender or servicer,Received bad information about your loan,Web,2026-04-11,Untimely response,,No,,NJ,08753
21163738,2026-04-11,AES/PHEAA,Student loan,Private student loan,Dealing with your lender or servicer,Received bad information about your loan,Web,2026-04-11,Closed with explanation,,Yes,,NJ,07306
21164121,2026-04-11,MOHELA,Student loan,Federal student loan servicing,Dealing with your lender or servicer,Trouble with how payments are being handled,Web,2026-04-11,Untimely response,,No,,CA,92411
21164640,2026-04-11,"Navient Solutions, LLC.",Student loan,Private student loan,Dealing with your lender or servicer,Received bad information about your loan,Web,2026-04-11,Closed with explanation,,Yes,,FL,34638
21165437,2026-04-11,"Nelnet, Inc.",Student loan,Federal student loan servicing,Dealing with your lender or servicer,Received bad information about your loan,Web,2026-04-11,Closed with explanation,,Yes,Servicemember,CO,80916
21165456,2026-04-11,MOHELA,Student loan,Private student loan,Dealing with your lender or servicer,Received bad information about your loan,Web,2026-04-11,Closed with explanation,,Yes,Servicemember,SC,29485
21166503,2026-04-11,MOHELA,Student loan,Federal student loan servicing,Dealing with your lender or servicer,Received bad information about your loan,Web,2026-04-12,Untimely response,,No,,CO,80526
21166855,2026-04-12,MOHELA,Student loan,Federal student loan servicing,Dealing with your lender or servicer,Trouble with how payments are being handled,Web,2026-04-12,Untimely response,,No,,TX,78665
21167013,2026-04-12,MOHELA,Student loan,Federal student loan servicing,Dealing with your lender or servicer,Trouble with how payments are being handled,Web,2026-04-12,Untimely response,,No,,GA,30127
21168147,2026-04-12,Ascendium Education Group,Student loan,Federal student loan servicing,Dealing with your lender or servicer,Problem with customer service,Web,2026-04-12,Closed with explanation,Company has responded to the consumer and the CFPB and chooses not to provide a public response,Yes,,MO,63125
21169066,2026-04-12,Servicer under contract with Federal Student Aid,Student loan,Federal student loan servicing,Dealing with your lender or servicer,Problem with customer service,Web,2026-04-15,Untimely response,,No,Servicemember,CA,913XX
21172022,2026-04-12,Earnest Inc.,Student loan,Private student loan,Dealing with your lender or servicer,Received bad information about your loan,Web,2026-04-12,Closed with explanation,,Yes,,FL,34638
21172477,2026-04-12,MOHELA,Student loan,Federal student loan servicing,Dealing with your lender or servicer,Received bad information about your loan,Web,2026-04-12,Untimely response,,No,Servicemember,OR,97062
21174122,2026-04-12,Central Research Inc,Student loan,Federal student loan servicing,Dealing with your lender or servicer,Don't agree with the fees charged,Web,2026-04-12,Closed with explanation,,Yes,,WI,542XX
21174413,2026-04-12,"Maximus Federal Services, Inc.",Student loan,Federal student loan servicing,Dealing with your lender or servicer,Received bad information about your loan,Web,2026-04-12,Closed with explanation,,Yes,,GA,30062
21174769,2026-04-12,MOHELA,Student loan,Federal student loan servicing,Dealing with your lender or servicer,Received bad information about your loan,Web,2026-04-12,Closed with explanation,,Yes,,CA,96003
21174780,2026-04-12,"Maximus Federal Services, Inc.",Student loan,Private student loan,Dealing with your lender or servicer,Received bad information about your loan,Web,2026-04-12,Closed with explanation,,Yes,,GA,30062
21174955,2026-04-12,"Maximus Federal Services, Inc.",Student loan,Federal student loan servicing,Dealing with your lender or servicer,Received bad information about your loan,Web,2026-04-12,Closed with explanation,,Yes,,GA,30062
21174970,2026-04-12,"Maximus Federal Services, Inc.",Student loan,Private student loan,Dealing with your lender or servicer,Received bad information about your loan,Web,2026-04-12,Closed with explanation,,Yes,,GA,30062
21175132,2026-04-12,Climb Credit Inc.,Student loan,Private student loan,Dealing with your lender or servicer,Don't agree with the fees charged,Web,2026-04-12,Closed with explanation,,Yes,,CA,94080
21175815,2026-04-12,MOHELA,Student loan,Federal student loan servicing,Dealing with your lender or servicer,Trouble with how payments are being handled,Web,2026-04-13,Untimely response,,No,,PA,15239
21176370,2026-04-13,"LendKey Technologies, Inc.",Student loan,Private student loan,Dealing with your lender or servicer,Problem with customer service,Web,2026-05-21,Closed with explanation,,Yes,,GA,30022
21176388,2026-04-13,"Maximus Federal Services, Inc.",Student loan,Federal student loan servicing,Dealing with your lender or servicer,Received bad information about your loan,Web,2026-04-13,Closed with explanation,,Yes,,NY,10304
21177180,2026-04-13,Servicer under contract with Federal Student Aid,Student loan,Federal student loan servicing,Dealing with your lender or servicer,Trouble with how payments are being handled,Web,2026-04-13,Untimely response,,No,,IA,503XX
21185607,2026-04-13,"Nelnet, Inc.",Student loan,Federal student loan servicing,Dealing with your lender or servicer,Trouble with how payments are being handled,Web,2026-04-13,Closed with explanation,,Yes,,TX,78745
21186623,2026-04-13,Servicer under contract with Federal Student Aid,Student loan,Federal student loan servicing,Dealing with your lender or servicer,Problem with customer service,Web,2026-04-13,Untimely response,,No,,NC,27502
21187074,2026-04-13,"Maximus Federal Services, Inc.",Student loan,Federal student loan servicing,Dealing with your lender or servicer,Problem with customer service,Web,2026-04-13,Closed with explanation,,Yes,,PA,15301
21189339,2026-04-13,MOHELA,Student loan,Federal student loan servicing,Dealing with your lender or servicer,Received bad information about your loan,Web,2026-04-13,Untimely response,,No,,GA,30125
21192282,2026-04-13,Georgia Student Finance Authority,Student loan,Private student loan,Dealing with your lender or servicer,Need information about your loan balance or loan terms,Web,2026-04-13,Closed with explanation,,Yes,,GA,31763
21192537,2026-04-13,MOHELA,Student loan,Federal student loan servicing,Dealing with your lender or servicer,Trouble with how payments are being handled,Web,2026-04-13,Untimely response,,No,,NY,11221
21192699,2026-04-13,"ECMC GROUP, INC.",Student loan,Federal student loan servicing,Dealing with your lender or servicer,Trouble with how payments are being handled,Web,2026-04-13,Closed with explanation,Company has responded to the consumer and the CFPB and chooses not to provide a public response,Yes,Older American,NY,117XX
21192752,2026-04-13,MOHELA,Student loan,Federal student loan servicing,Dealing with your lender or servicer,Trouble with how payments are being handled,Web,2026-04-13,Untimely response,,No,,VA,233XX
21192928,2026-04-13,MOHELA,Student loan,Federal student loan servicing,Dealing with your lender or servicer,Problem with customer service,Web,2026-04-13,Closed with explanation,Company believes it acted appropriately as authorized by contract or law,No,,UT,84103
21193413,2026-04-13,Servicer under contract with Federal Student Aid,Student loan,Federal student loan servicing,Dealing with your lender or servicer,Received bad information about your loan,Web,2026-04-13,Untimely response,,No,,TX,77304
21193433,2026-04-13,MOHELA,Student loan,Federal student loan servicing,Dealing with your lender or servicer,Received bad information about your loan,Web,2026-04-13,Untimely response,,No,,PA,190XX
21194008,2026-04-13,MOHELA,Student loan,Private student loan,Dealing with your lender or servicer,Problem with customer service,Web,2026-04-13,Closed with explanation,,Yes,,MA,02169
21194009,2026-04-13,MOHELA,Student loan,Federal student loan servicing,Dealing with your lender or servicer,Trouble with how payments are being handled,Web,2026-04-13,Untimely response,,No,,LA,70124
21195280,2026-04-13,MOHELA,Student loan,Federal student loan servicing,Dealing with your lender or servicer,Don't agree with the fees charged,Web,2026-04-13,Closed with explanation,,Yes,,AZ,85711
21198988,2026-04-13,MOHELA,Student loan,Federal student loan servicing,Dealing with your lender or servicer,Trouble with how payments are being handled,Web,2026-04-13,Untimely response,,No,,CA,90015
21199273,2026-04-13,"Maximus Federal Services, Inc.",Student loan,Federal student loan servicing,Dealing with your lender or servicer,Problem with customer service,Web,2026-04-13,Closed with explanation,,Yes,,TX,77083
21200624,2026-04-13,Servicer under contract with Federal Student Aid,Student loan,Federal student loan servicing,Dealing with your lender or servicer,Received bad information about your loan,Web,2026-04-13,Untimely response,,No,,AL,366XX
21202904,2026-04-13,SLM CORPORATION,Student loan,Private student loan,Dealing with your lender or servicer,Received bad information about your loan,Web,2026-04-13,Closed with explanation,Company believes it acted appropriately as authorized by contract or law,Yes,,WV,250XX
21206346,2026-04-13,"Navient Solutions, LLC.",Student loan,Federal student loan servicing,Dealing with your lender or servicer,Received bad information about your loan,Web,2026-04-13,Closed with explanation,,Yes,,AZ,85711
21209280,2026-04-14,"Nelnet, Inc.",Student loan,Federal student loan servicing,Dealing with your lender or servicer,Don't agree with the fees charged,Web,2026-04-14,Closed with explanation,,Yes,,TX,77345
21209523,2026-04-14,Servicer under contract with Federal Student Aid,Student loan,Federal student loan servicing,Dealing with your lender or servicer,Received bad information about your loan,Web,2026-04-14,Untimely response,,No,,KY,42103
21209680,2026-04-14,"Navient Solutions, LLC.",Student loan,Federal student loan servicing,Dealing with your lender or servicer,Received bad information about your loan,Web,2026-04-14,Closed with explanation,,Yes,"Older American, Servicemember",NY,10039
21209939,2026-04-14,"Maximus Federal Services, Inc.",Student loan,Federal student loan servicing,Dealing with your lender or servicer,Received bad information about your loan,Web,2026-04-14,Closed with explanation,,Yes,,TX,76134
21210541,2026-04-14,"Maximus Federal Services, Inc.",Student loan,Federal student loan servicing,Dealing with your lender or servicer,Received bad information about your loan,Web,2026-04-14,Closed with explanation,,Yes,,IN,46217
21212064,2026-04-14,"Maximus Federal Services, Inc.",Student loan,Federal student loan servicing,Dealing with your lender or servicer,Received bad information about your loan,Web,2026-04-14,Closed with explanation,,Yes,,CA,90032
21212186,2026-04-14,MOHELA,Student loan,Federal student loan servicing,Dealing with your lender or servicer,Need information about your loan balance or loan terms,Web,2026-04-14,Untimely response,,No,,GA,30274
21216114,2026-04-14,Central Research Inc,Student loan,Federal student loan servicing,Dealing with your lender or servicer,Need information about your loan balance or loan terms,Web,2026-04-14,Closed with explanation,,Yes,,NY,11103
21221462,2026-04-14,MOHELA,Student loan,Federal student loan servicing,Dealing with your lender or servicer,Trouble with how payments are being handled,Web,2026-04-14,Untimely response,,No,,AR,720XX
21221731,2026-04-14,MOHELA,Student loan,Federal student loan servicing,Dealing with your lender or servicer,Trouble with how payments are being handled,Web,2026-04-14,Closed with explanation,,Yes,Servicemember,IN,46254
21223205,2026-04-14,"Nelnet, Inc.",Student loan,Federal student loan servicing,Dealing with your lender or servicer,Received bad information about your loan,Web,2026-04-14,Closed with explanation,,Yes,,PA,19026
21224021,2026-04-14,MOHELA,Student loan,Federal student loan servicing,Dealing with your lender or servicer,Problem with customer service,Web,2026-04-14,Untimely response,,No,,KY,42103
21224045,2026-04-14,"Navient Solutions, LLC.",Student loan,Federal student loan servicing,Dealing with your lender or servicer,Received bad information about your loan,Web,2026-04-14,Closed with explanation,,Yes,,AZ,85711
21232780,2026-04-14,MOHELA,Student loan,Federal student loan servicing,Dealing with your lender or servicer,Trouble with how payments are being handled,Web,2026-04-14,Untimely response,,No,Servicemember,CA,93215
21236754,2026-04-14,SLM CORPORATION,Student loan,Private student loan,Dealing with your lender or servicer,Received bad information about your loan,Web,2026-04-14,Closed with explanation,Company believes it acted appropriately as authorized by contract or law,Yes,Servicemember,FL,335XX
21240957,2026-04-14,Ascendium Education Group,Student loan,Federal student loan servicing,Dealing with your lender or servicer,Received bad information about your loan,Web,2026-04-14,Closed with explanation,Company has responded to the consumer and the CFPB and chooses not to provide a public response,Yes,,IL,60056
21243223,2026-04-14,MOHELA,Student loan,Federal student loan servicing,Dealing with your lender or servicer,Trouble with how payments are being handled,Web,2026-04-14,Closed with explanation,,No,Servicemember,FL,33463
21245214,2026-04-14,MOHELA,Student loan,Federal student loan servicing,Dealing with your lender or servicer,Need information about your loan balance or loan terms,Web,2026-04-14,Untimely response,,No,,CA,91913
21247211,2026-04-14,"Nelnet, Inc.",Student loan,Federal student loan servicing,Dealing with your lender or servicer,Trouble with how payments are being handled,Web,2026-04-15,Closed with explanation,,Yes,,WA,98391
21251550,2026-04-15,"Nelnet, Inc.",Student loan,Federal student loan servicing,Dealing with your lender or servicer,Trouble with how payments are being handled,Web,2026-04-15,Closed with explanation,,Yes,,MI,49548
21254225,2026-04-15,"Nelnet, Inc.",Student loan,Federal student loan servicing,Dealing with your lender or servicer,Received bad information about your loan,Web,2026-04-15,Closed with explanation,,Yes,,GA,30075
21255447,2026-04-15,MOHELA,Student loan,Federal student loan servicing,Dealing with your lender or servicer,Problem with customer service,Web,2026-04-15,Untimely response,,No,Servicemember,SC,29150
21259235,2026-04-15,"Nelnet, Inc.",Student loan,Federal student loan servicing,Dealing with your lender or servicer,Trouble with how payments are being handled,Web,2026-04-15,Closed with explanation,,Yes,,PA,15001
21260849,2026-04-15,MOHELA,Student loan,Federal student loan servicing,Dealing with your lender or servicer,Trouble with how payments are being handled,Web,2026-04-15,Closed with explanation,,No,,NY,11717
21261092,2026-04-15,EdFinancial Services,Student loan,Federal student loan servicing,Dealing with your lender or servicer,Received bad information about your loan,Web,2026-04-15,Closed with explanation,,Yes,,IL,60607
21268204,2026-04-15,"Maximus Federal Services, Inc.",Student loan,Federal student loan servicing,Dealing with your lender or servicer,Need information about your loan balance or loan terms,Web,2026-04-15,Closed with explanation,,Yes,Servicemember,OH,43123
21268544,2026-04-15,MOHELA,Student loan,Federal student loan servicing,Dealing with your lender or servicer,Trouble with how payments are being handled,Web,2026-04-15,Closed with explanation,Company believes it acted appropriately as authorized by contract or law,No,,CO,80238
21271457,2026-04-15,EdFinancial Services,Student loan,Federal student loan servicing,Dealing with your lender or servicer,Received bad information about your loan,Web,2026-04-15,Closed with explanation,,Yes,,NY,14225
21272468,2026-04-15,MOHELA,Student loan,Federal student loan servicing,Dealing with your lender or servicer,Trouble with how payments are being handled,Web,2026-04-15,Untimely response,,No,,MO,65109
21280945,2026-04-15,MOHELA,Student loan,Federal student loan servicing,Dealing with your lender or servicer,Trouble with how payments are being handled,Web,2026-04-15,Untimely response,,No,,CT,06114
21284250,2026-04-15,MOHELA,Student loan,Private student loan,Dealing with your lender or servicer,Received bad information about your loan,Web,2026-04-15,Closed with explanation,,Yes,Servicemember,MI,48045
21286065,2026-04-15,"Maximus Federal Services, Inc.",Student loan,Federal student loan servicing,Dealing with your lender or servicer,Trouble with how payments are being handled,Web,2026-04-16,Closed with explanation,,Yes,,CA,90403
21286959,2026-04-16,MOHELA,Student loan,Federal student loan servicing,Dealing with your lender or servicer,Problem with customer service,Web,2026-04-16,Untimely response,,No,,NY,10459
21287503,2026-04-16,"Nelnet, Inc.",Student loan,Federal student loan servicing,Dealing with your lender or servicer,Received bad information about your loan,Web,2026-04-16,Closed with explanation,,Yes,,NY,124XX
21287981,2026-04-16,MOHELA,Student loan,Federal student loan servicing,Dealing with your lender or servicer,Trouble with how payments are being handled,Web,2026-04-16,Untimely response,,No,,ID,83709
21289016,2026-04-16,"Nelnet, Inc.",Student loan,Federal student loan servicing,Dealing with your lender or servicer,Received bad information about your loan,Web,2026-04-16,Closed with explanation,,Yes,,FL,33543
21291502,2026-04-16,MOHELA,Student loan,Federal student loan servicing,Dealing with your lender or servicer,Received bad information about your loan,Web,2026-04-16,Untimely response,,No,,IN,46530
21294900,2026-04-16,"ECMC GROUP, INC.",Student loan,Private student loan,Dealing with your lender or servicer,Received bad information about your loan,Web,2026-05-27,Closed with explanation,Company has responded to the consumer and the CFPB and chooses not to provide a public response,Yes,,CA,92410
21297995,2026-04-16,MOHELA,Student loan,Federal student loan servicing,Dealing with your lender or servicer,Received bad information about your loan,Web,2026-04-16,Untimely response,,No,,NY,14626
21300149,2026-04-16,SLM CORPORATION,Student loan,Private student loan,Dealing with your lender or servicer,Don't agree with the fees charged,Web,2026-04-16,Closed with explanation,Company believes it acted appropriately as authorized by contract or law,Yes,"Older American, Servicemember",FL,329XX
21301858,2026-04-16,Servicer under contract with Federal Student Aid,Student loan,Federal student loan servicing,Dealing with your lender or servicer,Received bad information about your loan,Web,2026-04-16,Untimely response,,No,,MA,02135
21302428,2026-04-16,Servicer under contract with Federal Student Aid,Student loan,Federal student loan servicing,Dealing with your lender or servicer,Need information about your loan balance or loan terms,Web,2026-04-16,Untimely response,,No,,TN,38134
21302556,2026-04-16,"Nelnet, Inc.",Student loan,Federal student loan servicing,Dealing with your lender or servicer,Problem with customer service,Web,2026-04-16,Closed with explanation,,Yes,,VT,051XX
21304617,2026-04-16,MOHELA,Student loan,Federal student loan servicing,Dealing with your lender or servicer,Received bad information about your loan,Web,2026-04-16,Closed with explanation,,No,,OH,44113
21307951,2026-04-16,"Goal Structured Solutions, LLC",Student loan,Private student loan,Dealing with your lender or servicer,Received bad information about your loan,Web,2026-04-16,Closed with explanation,,Yes,,MD,20747
21381855,2026-04-19,Central Research Inc,Student loan,Federal student loan servicing,Dealing with your lender or servicer,Problem with customer service,Web,2026-04-19,Closed with explanation,,Yes,,CA,92111
21383731,2026-04-19,MOHELA,Student loan,Federal student loan servicing,Dealing with your lender or servicer,Need information about your loan balance or loan terms,Web,2026-04-19,Untimely response,,No,,FL,33441
21384924,2026-04-19,MOHELA,Student loan,Private student loan,Dealing with your lender or servicer,Received bad information about your loan,Web,2026-04-19,Closed with explanation,,Yes,,MI,48315
21385137,2026-04-19,EdFinancial Services,Student loan,Federal student loan servicing,Dealing with your lender or servicer,Trouble with how payments are being handled,Web,2026-04-19,Closed with explanation,,Yes,,MO,631XX
21385748,2026-04-19,"Nelnet, Inc.",Student loan,Private student loan,Dealing with your lender or servicer,Trouble with how payments are being handled,Web,2026-04-19,Closed with explanation,,Yes,,,XXXXX
21387777,2026-04-19,MOHELA,Student loan,Federal student loan servicing,Dealing with your lender or servicer,Trouble with how payments are being handled,Web,2026-04-19,Closed with explanation,,No,Older American,AL,359XX
21388352,2026-04-19,MOHELA,Student loan,Federal student loan servicing,Dealing with your lender or servicer,Received bad information about your loan,Web,2026-04-19,Closed with explanation,,Yes,,VA,230XX
21389630,2026-04-20,SLM CORPORATION,Student loan,Private student loan,Dealing with your lender or servicer,Co-signer,Web,2026-04-20,Closed with explanation,Company believes complaint caused principally by actions of third party outside the control or direction of the company,Yes,Older American,FL,337XX
21391213,2026-04-20,"Navient Solutions, LLC.",Student loan,Federal student loan servicing,Dealing with your lender or servicer,Received bad information about your loan,Web,2026-04-20,Closed with explanation,,Yes,,IL,604XX
21393950,2026-04-20,MOHELA,Student loan,Federal student loan servicing,Dealing with your lender or servicer,Need information about your loan balance or loan terms,Web,2026-04-20,Closed with explanation,Company believes it acted appropriately as authorized by contract or law,No,,CA,XXXXX
21394495,2026-04-20,MOHELA,Student loan,Federal student loan servicing,Dealing with your lender or servicer,Trouble with how payments are being handled,Web,2026-04-20,Untimely response,,No,,PA,19139
21396515,2026-04-20,Servicer under contract with Federal Student Aid,Student loan,Private student loan,Dealing with your lender or servicer,Received bad information about your loan,Web,2026-06-01,Untimely response,,No,,FL,32832
21396696,2026-04-20,MOHELA,Student loan,Federal student loan servicing,Dealing with your lender or servicer,Received bad information about your loan,Web,2026-04-20,Untimely response,,No,,FL,347XX
21396762,2026-04-20,EdFinancial Services,Student loan,Federal student loan servicing,Dealing with your lender or servicer,Trouble with how payments are being handled,Web,2026-04-20,Closed with explanation,,Yes,,OH,44136
21397310,2026-04-20,SLM CORPORATION,Student loan,Private student loan,Dealing with your lender or servicer,Keep getting calls about your loan,Web,2026-04-20,Closed with explanation,Company believes it acted appropriately as authorized by contract or law,Yes,,OH,44313
21397355,2026-04-20,"Maximus Federal Services, Inc.",Student loan,Federal student loan servicing,Dealing with your lender or servicer,Received bad information about your loan,Web,2026-04-20,Closed with explanation,,Yes,,NY,11221
21397769,2026-04-20,MOHELA,Student loan,Federal student loan servicing,Dealing with your lender or servicer,Problem with customer service,Web,2026-06-01,Untimely response,,No,,FL,XXXXX
21398305,2026-04-20,MOHELA,Student loan,Private student loan,Dealing with your lender or servicer,Trouble with how payments are being handled,Web,2026-04-20,Closed with explanation,,Yes,,PA,19023
21402038,2026-04-20,"Nelnet, Inc.",Student loan,Federal student loan servicing,Dealing with your lender or servicer,Need information about your loan balance or loan terms,Web,2026-04-20,Closed with explanation,,Yes,,NC,28451
21406346,2026-04-20,Servicer under contract with Federal Student Aid,Student loan,Federal student loan servicing,Dealing with your lender or servicer,Received bad information about your loan,Web,2026-04-20,Untimely response,,No,Servicemember,AZ,85706
21408080,2026-04-20,MOHELA,Student loan,Federal student loan servicing,Dealing with your lender or servicer,Received bad information about your loan,Web,2026-04-20,Untimely response,,No,,NC,275XX
21410689,2026-04-20,EdFinancial Services,Student loan,Federal student loan servicing,Dealing with your lender or servicer,Received bad information about your loan,Web,2026-04-20,Closed with explanation,,Yes,,CA,93105
21416678,2026-04-20,MOHELA,Student loan,Federal student loan servicing,Dealing with your lender or servicer,Problem with customer service,Web,2026-06-03,Untimely response,,No,,NY,11235
21417379,2026-04-20,SLM CORPORATION,Student loan,Private student loan,Dealing with your lender or servicer,Don't agree with the fees charged,Web,2026-04-20,Closed with explanation,Company believes it acted appropriately as authorized by contract or law,Yes,,CT,06460
21417789,2026-04-20,AES/PHEAA,Student loan,Federal student loan servicing,Dealing with your lender or servicer,Received bad information about your loan,Web,2026-04-20,Closed with explanation,,Yes,Servicemember,MD,21206
21418341,2026-04-20,MOHELA,Student loan,Federal student loan servicing,Dealing with your lender or servicer,Received bad information about your loan,Web,2026-04-20,Untimely response,,No,,SC,298XX
21418539,2026-04-20,American Student Assistance,Student loan,Federal student loan servicing,Dealing with your lender or servicer,Keep getting calls about your loan,Web,2026-04-20,Closed with explanation,Company has responded to the consumer and the CFPB and chooses not to provide a public response,Yes,,MD,21075
21422249,2026-04-21,Servicer under contract with Federal Student Aid,Student loan,Federal student loan servicing,Dealing with your lender or servicer,Received bad information about your loan,Web,2026-04-21,Untimely response,,No,Servicemember,NC,27406
21423969,2026-04-21,MOHELA,Student loan,Federal student loan servicing,Dealing with your lender or servicer,Trouble with how payments are being handled,Web,2026-04-21,Untimely response,,No,,CA,950XX
21425049,2026-04-21,AES/PHEAA,Student loan,Federal student loan servicing,Dealing with your lender or servicer,Received bad information about your loan,Web,2026-04-21,Closed with explanation,,Yes,,,
21426906,2026-04-21,"Nelnet, Inc.",Student loan,Federal student loan servicing,Dealing with your lender or servicer,Problem with customer service,Web,2026-04-21,Closed with explanation,,Yes,,TX,78238
21429190,2026-04-21,MOHELA,Student loan,Federal student loan servicing,Dealing with your lender or servicer,Keep getting calls about your loan,Web,2026-04-21,Closed with explanation,,Yes,,TX,761XX
21436189,2026-04-21,MOHELA,Student loan,Federal student loan servicing,Dealing with your lender or servicer,Received bad information about your loan,Web,2026-04-21,Untimely response,,No,Servicemember,TX,78130
21436668,2026-04-21,"Nelnet, Inc.",Student loan,Federal student loan servicing,Dealing with your lender or servicer,Received bad information about your loan,Web,2026-04-21,Closed with explanation,,Yes,,KS,67801
21437352,2026-04-21,AES/PHEAA,Student loan,Federal student loan servicing,Dealing with your lender or servicer,Received bad information about your loan,Web,2026-04-21,Closed with explanation,,Yes,Servicemember,MD,21206
21438762,2026-04-21,"Navient Solutions, LLC.",Student loan,Federal student loan servicing,Dealing with your lender or servicer,Trouble with how payments are being handled,Web,2026-04-21,Closed with explanation,,Yes,,NY,11412
21441106,2026-04-21,"Maximus Federal Services, Inc.",Student loan,Federal student loan servicing,Dealing with your lender or servicer,Received bad information about your loan,Web,2026-04-21,Closed with explanation,,Yes,,CO,80634
21443970,2026-04-21,MOHELA,Student loan,Federal student loan servicing,Dealing with your lender or servicer,Trouble with how payments are being handled,Web,2026-04-21,Closed with explanation,,No,,CT,06810
21447583,2026-04-21,MOHELA,Student loan,Federal student loan servicing,Dealing with your lender or servicer,Problem with customer service,Web,2026-04-21,Untimely response,,No,,NY,147XX
21452131,2026-04-21,MOHELA,Student loan,Federal student loan servicing,Dealing with your lender or servicer,Problem with customer service,Web,2026-04-21,Closed with explanation,Company believes it acted appropriately as authorized by contract or law,Yes,,CT,06051
21453436,2026-04-21,MOHELA,Student loan,Federal student loan servicing,Dealing with your lender or servicer,Received bad information about your loan,Web,2026-04-21,Untimely response,,No,,FL,XXXXX
21457306,2026-04-21,Central Research Inc,Student loan,Federal student loan servicing,Dealing with your lender or servicer,Problem with customer service,Web,2026-04-21,Closed with explanation,,Yes,Older American,TX,78209
21457762,2026-04-21,"Maximus Federal Services, Inc.",Student loan,Federal student loan servicing,Dealing with your lender or servicer,Received bad information about your loan,Web,2026-04-21,Closed with explanation,,Yes,,MD,217XX
21458133,2026-04-21,"ECMC GROUP, INC.",Student loan,Federal student loan servicing,Dealing with your lender or servicer,Received bad information about your loan,Web,2026-04-21,Closed with explanation,Company has responded to the consumer and the CFPB and chooses not to provide a public response,Yes,,VA,23111
21462776,2026-04-21,MOHELA,Student loan,Federal student loan servicing,Dealing with your lender or servicer,Trouble with how payments are being handled,Web,2026-04-21,Untimely response,,No,,TN,37922
21467432,2026-04-22,Climb Credit Inc.,Student loan,Private student loan,Dealing with your lender or servicer,Don't agree with the fees charged,Web,2026-04-22,Closed with explanation,,Yes,,NC,27610
21468387,2026-04-22,"Nelnet, Inc.",Student loan,Federal student loan servicing,Dealing with your lender or servicer,Need information about your loan balance or loan terms,Web,2026-04-22,Closed with explanation,,Yes,,TX,750XX
21473838,2026-04-22,"Nelnet, Inc.",Student loan,Federal student loan servicing,Dealing with your lender or servicer,Trouble with how payments are being handled,Web,2026-04-22,Closed with explanation,,Yes,,NV,89074
21477892,2026-04-22,MOHELA,Student loan,Private student loan,Dealing with your lender or servicer,Trouble with how payments are being handled,Web,2026-04-22,Closed with explanation,,Yes,,ME,04401
21480051,2026-04-22,"Nelnet, Inc.",Student loan,Federal student loan servicing,Dealing with your lender or servicer,Trouble with how payments are being handled,Web,2026-04-22,Closed with explanation,,Yes,,MD,21401
21481451,2026-04-22,"Maximus Federal Services, Inc.",Student loan,Federal student loan servicing,Dealing with your lender or servicer,Trouble with how payments are being handled,Web,2026-04-22,Closed with explanation,,Yes,,NC,27516
21481914,2026-04-22,MOHELA,Student loan,Federal student loan servicing,Dealing with your lender or servicer,Received bad information about your loan,Web,2026-04-22,Closed with explanation,Company believes it acted appropriately as authorized by contract or law,No,Servicemember,TX,77521
21482675,2026-04-22,"ECMC GROUP, INC.",Student loan,Private student loan,Dealing with your lender or servicer,Trouble with how payments are being handled,Web,2026-04-22,Closed with explanation,Company has responded to the consumer and the CFPB and chooses not to provide a public response,Yes,,IL,60419
21482752,2026-04-22,"SOFI TECHNOLOGIES, INC.",Student loan,Private student loan,Dealing with your lender or servicer,Don't agree with the fees charged,Web,2026-04-22,Closed with explanation,,Yes,,CA,92104
21483226,2026-04-22,MOHELA,Student loan,Federal student loan servicing,Dealing with your lender or servicer,Need information about your loan balance or loan terms,Web,2026-04-22,Untimely response,,No,Servicemember,FL,336XX
21486018,2026-04-22,"EQUIFAX, INC.",Student loan,Private student loan,Dealing with your lender or servicer,Received bad information about your loan,Web,2026-04-29,Closed with explanation,,Yes,,CA,92104
21486230,2026-04-22,Servicer under contract with Federal Student Aid,Student loan,Federal student loan servicing,Dealing with your lender or servicer,Don't agree with the fees charged,Web,2026-04-22,Untimely response,,No,,PA,19014
21489481,2026-04-22,American Student Assistance,Student loan,Private student loan,Dealing with your lender or servicer,Problem with customer service,Web,2026-04-22,Closed with explanation,Company has responded to the consumer and the CFPB and chooses not to provide a public response,Yes,,MA,02126
21498750,2026-04-22,"Nelnet, Inc.",Student loan,Private student loan,Dealing with your lender or servicer,Problem with customer service,Web,2026-04-22,Closed with explanation,,Yes,Older American,PA,194XX
21499825,2026-04-22,MOHELA,Student loan,Federal student loan servicing,Dealing with your lender or servicer,Problem with customer service,Web,2026-04-22,Untimely response,,No,,NV,897XX
21505397,2026-04-22,Central Research Inc,Student loan,Federal student loan servicing,Dealing with your lender or servicer,Trouble with how payments are being handled,Web,2026-04-22,Closed with explanation,,Yes,Servicemember,MI,493XX
21508023,2026-04-23,MOHELA,Student loan,Federal student loan servicing,Dealing with your lender or servicer,Trouble with how payments are being handled,Web,2026-04-23,Untimely response,,No,,WV,258XX
21512247,2026-04-23,MOHELA,Student loan,Federal student loan servicing,Dealing with your lender or servicer,Trouble with how payments are being handled,Web,2026-04-23,Untimely response,,No,,WA,98371
21516122,2026-04-23,MOHELA,Student loan,Federal student loan servicing,Dealing with your lender or servicer,Need information about your loan balance or loan terms,Web,2026-04-23,Closed with explanation,Company believes it acted appropriately as authorized by contract or law,No,,CA,XXXXX
21517108,2026-04-23,MOHELA,Student loan,Federal student loan servicing,Dealing with your lender or servicer,Need information about your loan balance or loan terms,Web,2026-04-23,Closed with explanation,Company believes it acted appropriately as authorized by contract or law,No,,CA,XXXXX
21518235,2026-04-23,Servicer under contract with Federal Student Aid,Student loan,Federal student loan servicing,Dealing with your lender or servicer,Trouble with how payments are being handled,Web,2026-04-23,Untimely response,,No,,ME,046XX
21522157,2026-04-23,MOHELA,Student loan,Federal student loan servicing,Dealing with your lender or servicer,Problem with customer service,Web,2026-04-23,Untimely response,,No,,NJ,07306
21522804,2026-04-23,SLM CORPORATION,Student loan,Private student loan,Dealing with your lender or servicer,Received bad information about your loan,Web,2026-04-23,Closed with explanation,Company believes complaint is the result of an isolated error,Yes,,NY,131XX
21528774,2026-04-23,MOHELA,Student loan,Private student loan,Dealing with your lender or servicer,Don't agree with the fees charged,Web,2026-04-23,Closed with explanation,,Yes,,NY,11228
21528886,2026-04-23,"Navient Solutions, LLC.",Student loan,Federal student loan servicing,Dealing with your lender or servicer,Received bad information about your loan,Web,2026-04-27,Closed with explanation,,Yes,Servicemember,TX,766XX
21530107,2026-04-23,"Nelnet, Inc.",Student loan,Federal student loan servicing,Dealing with your lender or servicer,Need information about your loan balance or loan terms,Web,2026-04-23,Closed with explanation,,Yes,,MI,487XX
21531934,2026-04-23,MOHELA,Student loan,Federal student loan servicing,Dealing with your lender or servicer,Received bad information about your loan,Web,2026-04-23,Untimely response,,No,,VA,24018
21533836,2026-04-23,MOHELA,Student loan,Federal student loan servicing,Dealing with your lender or servicer,Trouble with how payments are being handled,Web,2026-04-23,Untimely response,,No,,IN,460XX
21533900,2026-04-23,MOHELA,Student loan,Federal student loan servicing,Dealing with your lender or servicer,Trouble with how payments are being handled,Web,2026-04-23,Closed with explanation,,Yes,,WI,53719
21534607,2026-04-23,MOHELA,Student loan,Private student loan,Dealing with your lender or servicer,Problem with customer service,Web,2026-04-23,Closed with explanation,,Yes,,NY,11563
21536773,2026-04-23,Servicer under contract with Federal Student Aid,Student loan,Federal student loan servicing,Dealing with your lender or servicer,Problem with customer service,Web,2026-04-23,Untimely response,,No,,MI,498XX
21538258,2026-04-23,MOHELA,Student loan,Federal student loan servicing,Dealing with your lender or servicer,Received bad information about your loan,Web,2026-04-23,Untimely response,,No,,MS,39180
21539273,2026-04-23,"Maximus Federal Services, Inc.",Student loan,Federal student loan servicing,Dealing with your lender or servicer,Received bad information about your loan,Web,2026-04-23,Closed with explanation,,Yes,"Older American, Servicemember",TX,76904
21540211,2026-04-23,EdFinancial Services,Student loan,Federal student loan servicing,Dealing with your lender or servicer,Trouble with how payments are being handled,Web,2026-04-23,Closed with explanation,,Yes,,LA,705XX
21540351,2026-04-23,MOHELA,Student loan,Federal student loan servicing,Dealing with your lender or servicer,Problem with customer service,Web,2026-04-23,Untimely response,,No,,GA,30680
21541179,2026-04-23,Servicer under contract with Federal Student Aid,Student loan,Federal student loan servicing,Dealing with your lender or servicer,Need information about your loan balance or loan terms,Web,2026-04-23,Untimely response,,No,,IA,52245
21541271,2026-04-23,MOHELA,Student loan,Federal student loan servicing,Dealing with your lender or servicer,Problem with customer service,Web,2026-04-23,Untimely response,,No,,VA,23456
21541889,2026-04-23,Servicer under contract with Federal Student Aid,Student loan,Federal student loan servicing,Dealing with your lender or servicer,Don't agree with the fees charged,Web,2026-04-23,Untimely response,,No,,UT,84015
21542016,2026-04-23,Central Research Inc,Student loan,Federal student loan servicing,Dealing with your lender or servicer,Received bad information about your loan,Web,2026-04-23,Closed with explanation,,Yes,,TX,75212
21547338,2026-04-23,"Nelnet, Inc.",Student loan,Federal student loan servicing,Dealing with your lender or servicer,Received bad information about your loan,Web,2026-04-23,Closed with explanation,,Yes,Older American,NY,11746
21549318,2026-04-24,MOHELA,Student loan,Private student loan,Dealing with your lender or servicer,Don't agree with the fees charged,Web,2026-04-24,Closed with explanation,,Yes,,IL,606XX
21551584,2026-04-24,MOHELA,Student loan,Federal student loan servicing,Dealing with your lender or servicer,Received bad information about your loan,Web,2026-04-24,Untimely response,,No,,NC,27609
21554308,2026-04-24,MOHELA,Student loan,Federal student loan servicing,Dealing with your lender or servicer,Trouble with how payments are being handled,Web,2026-04-24,Untimely response,,No,Servicemember,MN,55414
21555513,2026-04-24,MOHELA,Student loan,Federal student loan servicing,Dealing with your lender or servicer,Trouble with how payments are being handled,Web,2026-04-24,Closed with explanation,Company believes it acted appropriately as authorized by contract or law,No,,CO,80031
21555638,2026-04-24,"Nelnet, Inc.",Student loan,Federal student loan servicing,Dealing with your lender or servicer,Received bad information about your loan,Web,2026-04-24,Closed with explanation,,Yes,,TX,79416
21560085,2026-04-24,"Maximus Federal Services, Inc.",Student loan,Federal student loan servicing,Dealing with your lender or servicer,Received bad information about your loan,Web,2026-04-24,Closed with explanation,,Yes,,VA,22192
21564257,2026-04-24,"Maximus Federal Services, Inc.",Student loan,Federal student loan servicing,Dealing with your lender or servicer,Received bad information about your loan,Web,2026-06-08,Closed with explanation,,Yes,,CA,91733
21564433,2026-04-24,MOHELA,Student loan,Federal student loan servicing,Dealing with your lender or servicer,Received bad information about your loan,Web,2026-04-24,Closed with explanation,Company believes it acted appropriately as authorized by contract or law,No,,SC,290XX
21565188,2026-04-24,MOHELA,Student loan,Federal student loan servicing,Dealing with your lender or servicer,Trouble with how payments are being handled,Web,2026-04-27,Closed with explanation,,Yes,,LA,704XX
21567491,2026-04-24,MOHELA,Student loan,Federal student loan servicing,Dealing with your lender or servicer,Trouble with how payments are being handled,Web,2026-04-24,Untimely response,,No,,TN,37130
21568164,2026-04-24,MOHELA,Student loan,Federal student loan servicing,Dealing with your lender or servicer,Trouble with how payments are being handled,Web,2026-04-24,Untimely response,,No,,MT,594XX
21570319,2026-04-24,"Maximus Federal Services, Inc.",Student loan,Federal student loan servicing,Dealing with your lender or servicer,Keep getting calls about your loan,Web,2026-04-24,Closed with explanation,,Yes,Servicemember,FL,33414
21572153,2026-04-24,Servicer under contract with Federal Student Aid,Student loan,Federal student loan servicing,Dealing with your lender or servicer,Received bad information about your loan,Web,2026-04-24,Untimely response,,No,,TX,75208
21575593,2026-04-24,MOHELA,Student loan,Federal student loan servicing,Dealing with your lender or servicer,Received bad information about your loan,Web,2026-04-24,Untimely response,,No,,CA,94541
21576026,2026-04-24,Servicer under contract with Federal Student Aid,Student loan,Federal student loan servicing,Dealing with your lender or servicer,Received bad information about your loan,Web,2026-04-24,Untimely response,,No,Servicemember,TX,766XX
21579311,2026-04-24,MOHELA,Student loan,Federal student loan servicing,Dealing with your lender or servicer,Received bad information about your loan,Web,2026-04-24,Untimely response,,No,,FL,32073
21605982,2026-04-26,Meritize Financial Inc.,Student loan,Private student loan,Dealing with your lender or servicer,Trouble with how payments are being handled,Web,2026-06-09,Closed with explanation,,Yes,,FL,34747
21608640,2026-04-26,MOHELA,Student loan,Federal student loan servicing,Dealing with your lender or servicer,Need information about your loan balance or loan terms,Web,2026-04-26,Closed with explanation,Company believes it acted appropriately as authorized by contract or law,Yes,,TN,37043
21611781,2026-04-26,MOHELA,Student loan,Federal student loan servicing,Dealing with your lender or servicer,Received bad information about your loan,Web,2026-04-26,Untimely response,,No,,NJ,07055
21613359,2026-04-26,MOHELA,Student loan,Federal student loan servicing,Dealing with your lender or servicer,Problem with customer service,Web,2026-04-26,Closed with explanation,,No,,CA,94530
21613846,2026-04-26,AES/PHEAA,Student loan,Federal student loan servicing,Dealing with your lender or servicer,Received bad information about your loan,Web,2026-04-26,Closed with explanation,,Yes,,MO,64114
21615017,2026-04-27,MOHELA,Student loan,Private student loan,Dealing with your lender or servicer,Received bad information about your loan,Web,2026-04-27,Untimely response,,No,,NY,127XX
21615974,2026-04-27,MOHELA,Student loan,Federal student loan servicing,Dealing with your lender or servicer,Trouble with how payments are being handled,Web,2026-04-27,Closed with explanation,,No,,WA,99362
21617155,2026-04-27,"Nelnet, Inc.",Student loan,Federal student loan servicing,Dealing with your lender or servicer,Trouble with how payments are being handled,Web,2026-04-27,Closed with explanation,,Yes,,NE,68137
21623740,2026-04-27,"Maximus Federal Services, Inc.",Student loan,Federal student loan servicing,Dealing with your lender or servicer,Trouble with how payments are being handled,Web,2026-04-27,Closed with explanation,,Yes,,KS,666XX
21624777,2026-04-27,MOHELA,Student loan,Private student loan,Dealing with your lender or servicer,Trouble with how payments are being handled,Web,2026-04-28,Closed with explanation,,Yes,,SC,29710
21628574,2026-04-27,"Navient Solutions, LLC.",Student loan,Federal student loan servicing,Dealing with your lender or servicer,Received bad information about your loan,Web,2026-04-27,Closed with explanation,,Yes,,OH,45601
21629492,2026-04-27,MOHELA,Student loan,Federal student loan servicing,Dealing with your lender or servicer,Received bad information about your loan,Web,2026-04-27,Untimely response,,No,,DE,198XX
21629587,2026-04-27,"Nelnet, Inc.",Student loan,Federal student loan servicing,Dealing with your lender or servicer,Problem with customer service,Web,2026-04-27,Closed with explanation,,Yes,,DE,197XX
21629626,2026-04-27,"Maximus Federal Services, Inc.",Student loan,Federal student loan servicing,Dealing with your lender or servicer,Problem with customer service,Web,2026-04-27,Closed with explanation,,Yes,Older American,NJ,07871
21633140,2026-04-27,MOHELA,Student loan,Private student loan,Dealing with your lender or servicer,Don't agree with the fees charged,Web,2026-04-27,Closed with explanation,,Yes,,OR,97520
21634694,2026-04-27,Climb Credit Inc.,Student loan,Private student loan,Dealing with your lender or servicer,Trouble with how payments are being handled,Web,2026-04-27,Closed with explanation,,Yes,,CA,94588
21638266,2026-04-27,EdFinancial Services,Student loan,Federal student loan servicing,Dealing with your lender or servicer,Received bad information about your loan,Web,2026-04-27,Closed with explanation,,Yes,,TX,78702
21639657,2026-04-27,"Goal Structured Solutions, LLC",Student loan,Private student loan,Dealing with your lender or servicer,Trouble with how payments are being handled,Web,2026-04-27,Closed with explanation,,Yes,,IL,605XX
21640149,2026-04-27,EdFinancial Services,Student loan,Federal student loan servicing,Dealing with your lender or servicer,Received bad information about your loan,Web,2026-04-27,Closed with explanation,,Yes,,TX,78731
21640876,2026-04-27,MOHELA,Student loan,Federal student loan servicing,Dealing with your lender or servicer,Need information about your loan balance or loan terms,Web,2026-04-27,Closed with explanation,Company believes it acted appropriately as authorized by contract or law,No,,OH,43551
21642389,2026-04-27,EdFinancial Services,Student loan,Federal student loan servicing,Dealing with your lender or servicer,Received bad information about your loan,Web,2026-04-27,Closed with explanation,,Yes,,NV,89121
21643255,2026-04-27,SLM CORPORATION,Student loan,Private student loan,Dealing with your lender or servicer,Trouble with how payments are being handled,Web,2026-04-27,Closed with non-monetary relief,Company believes it acted appropriately as authorized by contract or law,Yes,,MD,20904
21644206,2026-04-27,MOHELA,Student loan,Private student loan,Dealing with your lender or servicer,Trouble with how payments are being handled,Web,2026-04-27,Closed with explanation,,Yes,,FL,342XX
21648348,2026-04-27,MOHELA,Student loan,Private student loan,Dealing with your lender or servicer,Received bad information about your loan,Web,2026-04-28,Closed with explanation,,Yes,,NY,11563
21650312,2026-04-28,Servicer under contract with Federal Student Aid,Student loan,Federal student loan servicing,Dealing with your lender or servicer,Need information about your loan balance or loan terms,Web,2026-04-28,Untimely response,,No,,IN,46815
21652862,2026-04-28,"Nelnet, Inc.",Student loan,Federal student loan servicing,Dealing with your lender or servicer,Received bad information about your loan,Web,2026-04-28,Closed with explanation,,Yes,,MI,481XX
21653129,2026-04-28,MOHELA,Student loan,Federal student loan servicing,Dealing with your lender or servicer,Trouble with how payments are being handled,Web,2026-04-28,Untimely response,,No,,NV,89121
21655435,2026-04-28,Servicer under contract with Federal Student Aid,Student loan,Federal student loan servicing,Dealing with your lender or servicer,Received bad information about your loan,Web,2026-04-28,Untimely response,,No,,CA,91411
21657003,2026-04-28,Central Research Inc,Student loan,Federal student loan servicing,Dealing with your lender or servicer,Received bad information about your loan,Web,2026-04-28,Closed with explanation,,Yes,,CA,92111
21661246,2026-04-28,"Maximus Federal Services, Inc.",Student loan,Federal student loan servicing,Dealing with your lender or servicer,Received bad information about your loan,Web,2026-04-28,Closed with explanation,,Yes,,NY,XXXXX
21663524,2026-04-28,"Nelnet, Inc.",Student loan,Federal student loan servicing,Dealing with your lender or servicer,Received bad information about your loan,Web,2026-04-28,Closed with explanation,,Yes,,CO,80124
21666208,2026-04-28,MOHELA,Student loan,Federal student loan servicing,Dealing with your lender or servicer,Received bad information about your loan,Web,2026-04-28,Closed with explanation,,Yes,,NY,11224
21666887,2026-04-28,"Nelnet, Inc.",Student loan,Federal student loan servicing,Dealing with your lender or servicer,Received bad information about your loan,Web,2026-04-28,Closed with explanation,,Yes,,FL,33541
21666930,2026-04-28,Servicer under contract with Federal Student Aid,Student loan,Federal student loan servicing,Dealing with your lender or servicer,Trouble with how payments are being handled,Web,2026-04-28,Untimely response,,No,,NY,105XX
21669203,2026-04-28,"SOFI TECHNOLOGIES, INC.",Student loan,Private student loan,Dealing with your lender or servicer,Co-signer,Web,2026-04-28,Closed with explanation,,Yes,,CA,90602
21669348,2026-04-28,"College Ave Student Loan Servicing, LLC",Student loan,Private student loan,Dealing with your lender or servicer,Co-signer,Web,2026-06-11,Closed with explanation,,Yes,,CA,93306
21671435,2026-04-28,Central Research Inc,Student loan,Federal student loan servicing,Dealing with your lender or servicer,Trouble with how payments are being handled,Web,2026-04-28,Closed with explanation,,Yes,,MA,02127
21672612,2026-04-28,Servicer under contract with Federal Student Aid,Student loan,Federal student loan servicing,Dealing with your lender or servicer,Trouble with how payments are being handled,Web,2026-04-28,Untimely response,,No,,CA,94539
21673843,2026-04-28,SLM CORPORATION,Student loan,Private student loan,Dealing with your lender or servicer,Don't agree with the fees charged,Web,2026-04-28,Closed with explanation,Company believes it acted appropriately as authorized by contract or law,Yes,Servicemember,VA,22554
21677433,2026-04-28,MOHELA,Student loan,Federal student loan servicing,Dealing with your lender or servicer,Received bad information about your loan,Web,2026-04-28,Untimely response,,No,,FL,320XX
21678091,2026-04-28,"Nelnet, Inc.",Student loan,Federal student loan servicing,Dealing with your lender or servicer,Need information about your loan balance or loan terms,Web,2026-04-28,Closed with explanation,,Yes,,UT,84005
21679188,2026-04-28,Stratus Financial LLC,Student loan,Private student loan,Dealing with your lender or servicer,Received bad information about your loan,Web,2026-04-28,Closed with explanation,,Yes,,FL,33027
21683946,2026-04-28,Central Research Inc,Student loan,Federal student loan servicing,Dealing with your lender or servicer,Received bad information about your loan,Web,2026-04-28,Closed with explanation,,Yes,,GA,317XX
21684083,2026-04-28,"Nelnet, Inc.",Student loan,Federal student loan servicing,Dealing with your lender or servicer,Received bad information about your loan,Web,2026-04-28,Closed with explanation,,Yes,,FL,32765
21684887,2026-04-28,MOHELA,Student loan,Federal student loan servicing,Dealing with your lender or servicer,Trouble with how payments are being handled,Web,2026-04-28,Closed with explanation,,Yes,,NV,89147
21688787,2026-04-28,SLM CORPORATION,Student loan,Private student loan,Dealing with your lender or servicer,Received bad information about your loan,Web,2026-04-28,Closed with explanation,Company believes it acted appropriately as authorized by contract or law,Yes,,HI,96826
21694072,2026-04-29,EdFinancial Services,Student loan,Federal student loan servicing,Dealing with your lender or servicer,Received bad information about your loan,Web,2026-04-29,Closed with explanation,,Yes,,FL,339XX
21696013,2026-04-29,"Maximus Federal Services, Inc.",Student loan,Federal student loan servicing,Dealing with your lender or servicer,Problem with customer service,Web,2026-04-29,Closed with explanation,,Yes,,ID,83401
21701776,2026-04-29,MOHELA,Student loan,Federal student loan servicing,Dealing with your lender or servicer,Don't agree with the fees charged,Web,2026-04-29,Closed with explanation,Company believes it acted appropriately as authorized by contract or law,No,,TX,756XX
21707062,2026-04-29,Central Research Inc,Student loan,Federal student loan servicing,Dealing with your lender or servicer,Co-signer,Web,2026-06-15,Closed with explanation,,Yes,,IL,60477
21709091,2026-04-29,MOHELA,Student loan,Federal student loan servicing,Dealing with your lender or servicer,Problem with customer service,Web,2026-04-29,Untimely response,,No,,MD,21742
21711304,2026-04-29,MOHELA,Student loan,Federal student loan servicing,Dealing with your lender or servicer,Trouble with how payments are being handled,Web,2026-04-29,Closed with explanation,,No,,TX,78045
21714462,2026-04-29,MOHELA,Student loan,Federal student loan servicing,Dealing with your lender or servicer,Received bad information about your loan,Web,2026-04-29,Untimely response,,No,,CT,06877
21714581,2026-04-29,MOHELA,Student loan,Federal student loan servicing,Dealing with your lender or servicer,Received bad information about your loan,Web,2026-04-29,Untimely response,,No,,MS,39206
21716451,2026-04-29,Central Research Inc,Student loan,Federal student loan servicing,Dealing with your lender or servicer,Received bad information about your loan,Web,2026-04-29,Closed with explanation,,Yes,,KS,66049
21716603,2026-04-29,"Nelnet, Inc.",Student loan,Federal student loan servicing,Dealing with your lender or servicer,Problem with customer service,Web,2026-04-29,Closed with explanation,,Yes,,NC,28352
21721383,2026-04-29,MOHELA,Student loan,Federal student loan servicing,Dealing with your lender or servicer,Problem with customer service,Web,2026-04-29,Untimely response,,No,Servicemember,LA,714XX
21723393,2026-04-29,"Maximus Federal Services, Inc.",Student loan,Federal student loan servicing,Dealing with your lender or servicer,Trouble with how payments are being handled,Web,2026-04-29,Closed with explanation,,Yes,,LA,70737
21729515,2026-04-29,MOHELA,Student loan,Federal student loan servicing,Dealing with your lender or servicer,Received bad information about your loan,Web,2026-04-29,Untimely response,,No,,ME,040XX
21733533,2026-04-30,MOHELA,Student loan,Federal student loan servicing,Dealing with your lender or servicer,Trouble with how payments are being handled,Web,2026-04-30,Untimely response,,No,,MD,20904
21733742,2026-04-30,Servicer under contract with Federal Student Aid,Student loan,Federal student loan servicing,Dealing with your lender or servicer,Received bad information about your loan,Web,2026-04-30,Untimely response,,No,Servicemember,TN,370XX
21738688,2026-04-30,"Maximus Federal Services, Inc.",Student loan,Federal student loan servicing,Dealing with your lender or servicer,Need information about your loan balance or loan terms,Web,2026-04-30,Closed with explanation,,Yes,,CA,94010
21746506,2026-04-30,MOHELA,Student loan,Federal student loan servicing,Dealing with your lender or servicer,Trouble with how payments are being handled,Web,2026-04-30,Untimely response,,No,Servicemember,NH,03062
21746770,2026-04-30,MOHELA,Student loan,Private student loan,Dealing with your lender or servicer,Problem with customer service,Web,2026-04-30,Closed with explanation,,Yes,,CA,90020
21747201,2026-04-30,"Nelnet, Inc.",Student loan,Federal student loan servicing,Dealing with your lender or servicer,Received bad information about your loan,Web,2026-04-30,Closed with explanation,,Yes,,OH,43015
21747493,2026-04-30,MOHELA,Student loan,Federal student loan servicing,Dealing with your lender or servicer,Problem with customer service,Web,2026-04-30,Untimely response,,No,,UT,84084
21747509,2026-04-30,Central Research Inc,Student loan,Federal student loan servicing,Dealing with your lender or servicer,Received bad information about your loan,Web,2026-04-30,Closed with explanation,,Yes,,GA,31909
21757524,2026-04-30,MOHELA,Student loan,Federal student loan servicing,Dealing with your lender or servicer,Need information about your loan balance or loan terms,Web,2026-04-30,Closed with explanation,Company believes it acted appropriately as authorized by contract or law,Yes,,VA,23508
21759694,2026-04-30,EdFinancial Services,Student loan,Federal student loan servicing,Dealing with your lender or servicer,Received bad information about your loan,Web,2026-04-30,Closed with explanation,,Yes,,LA,707XX
21762659,2026-04-30,MOHELA,Student loan,Private student loan,Dealing with your lender or servicer,Received bad information about your loan,Web,2026-04-30,Closed with explanation,,Yes,,LA,70122
21764573,2026-04-30,MOHELA,Student loan,Private student loan,Dealing with your lender or servicer,Trouble with how payments are being handled,Web,2026-04-30,Closed with explanation,,Yes,,OH,45440
21764752,2026-04-30,MOHELA,Student loan,Federal student loan servicing,Dealing with your lender or servicer,Trouble with how payments are being handled,Web,2026-04-30,Untimely response,,No,,IL,62234
21765439,2026-04-30,Servicer under contract with Federal Student Aid,Student loan,Federal student loan servicing,Dealing with your lender or servicer,Received bad information about your loan,Web,2026-04-30,Untimely response,,No,,CA,92116
21765597,2026-04-30,"Nelnet, Inc.",Student loan,Federal student loan servicing,Dealing with your lender or servicer,Trouble with how payments are being handled,Web,2026-04-30,Closed with explanation,,Yes,,DC,20001
21769194,2026-04-30,SLM CORPORATION,Student loan,Private student loan,Dealing with your lender or servicer,Co-signer,Web,2026-04-30,Closed with explanation,Company believes it acted appropriately as authorized by contract or law,Yes,,NJ,075XX
21771178,2026-04-30,"Goal Structured Solutions, LLC",Student loan,Private student loan,Dealing with your lender or servicer,Received bad information about your loan,Web,2026-04-30,Closed with explanation,,Yes,,MD,20747
21775424,2026-05-01,"Maximus Federal Services, Inc.",Student loan,Federal student loan servicing,Dealing with your lender or servicer,Need information about your loan balance or loan terms,Web,2026-05-01,Closed with explanation,,Yes,,TX,77354
21777923,2026-05-01,MOHELA,Student loan,Private student loan,Dealing with your lender or servicer,Trouble with how payments are being handled,Web,2026-05-01,Closed with non-monetary relief,,Yes,,CA,90024
21778180,2026-05-01,"Maximus Federal Services, Inc.",Student loan,Federal student loan servicing,Dealing with your lender or servicer,Received bad information about your loan,Web,2026-05-01,Closed with explanation,,Yes,,MO,64114
21784790,2026-05-01,"Maximus Federal Services, Inc.",Student loan,Federal student loan servicing,Dealing with your lender or servicer,Received bad information about your loan,Web,2026-05-01,Closed with explanation,,Yes,,PA,19141
21788892,2026-05-01,TRANSWORLD SYSTEMS INC,Student loan,Private student loan,Dealing with your lender or servicer,Don't agree with the fees charged,Web,2026-05-01,Closed with explanation,,Yes,,KS,661XX
21791112,2026-05-01,MOHELA,Student loan,Federal student loan servicing,Dealing with your lender or servicer,Trouble with how payments are being handled,Web,2026-05-01,Untimely response,,No,,CA,93291
21831335,2026-05-03,Servicer under contract with Federal Student Aid,Student loan,Federal student loan servicing,Dealing with your lender or servicer,Need information about your loan balance or loan terms,Web,2026-05-03,Untimely response,,No,,IL,62704
21831538,2026-05-03,MOHELA,Student loan,Federal student loan servicing,Dealing with your lender or servicer,Received bad information about your loan,Web,2026-05-03,Untimely response,,No,,CA,94115
21835115,2026-05-03,Servicer under contract with Federal Student Aid,Student loan,Federal student loan servicing,Dealing with your lender or servicer,Trouble with how payments are being handled,Web,2026-05-03,Untimely response,,No,,IL,60142
21836123,2026-05-03,MOHELA,Student loan,Federal student loan servicing,Dealing with your lender or servicer,Received bad information about your loan,Web,2026-05-03,Untimely response,,No,Older American,TX,77071
21838590,2026-05-03,"Nelnet, Inc.",Student loan,Federal student loan servicing,Dealing with your lender or servicer,Need information about your loan balance or loan terms,Web,2026-05-03,Closed with explanation,,Yes,,,
21838609,2026-05-03,"Nelnet, Inc.",Student loan,Federal student loan servicing,Dealing with your lender or servicer,Received bad information about your loan,Web,2026-05-03,Closed with explanation,,Yes,,AL,357XX
21839595,2026-05-04,SLM CORPORATION,Student loan,Private student loan,Dealing with your lender or servicer,Received bad information about your loan,Web,2026-05-04,Closed with explanation,Company believes it acted appropriately as authorized by contract or law,Yes,,OR,972XX
21841724,2026-05-04,"Nelnet, Inc.",Student loan,Federal student loan servicing,Dealing with your lender or servicer,Received bad information about your loan,Web,2026-05-04,Closed with explanation,,Yes,,FL,34120
21847027,2026-05-04,"Maximus Federal Services, Inc.",Student loan,Federal student loan servicing,Dealing with your lender or servicer,Need information about your loan balance or loan terms,Web,2026-05-04,Closed with explanation,,Yes,,IL,615XX
21848700,2026-05-04,"Nelnet, Inc.",Student loan,Federal student loan servicing,Dealing with your lender or servicer,Trouble with how payments are being handled,Web,2026-05-04,Closed with explanation,,Yes,Servicemember,VA,23236
21849676,2026-05-04,Climb Credit Inc.,Student loan,Private student loan,Dealing with your lender or servicer,Trouble with how payments are being handled,Web,2026-05-04,Closed with explanation,,Yes,,NY,127XX
21850729,2026-05-04,MOHELA,Student loan,Federal student loan servicing,Dealing with your lender or servicer,Trouble with how payments are being handled,Web,2026-05-04,Untimely response,,No,,IL,60630
21856542,2026-05-04,MOHELA,Student loan,Federal student loan servicing,Dealing with your lender or servicer,Received bad information about your loan,Web,2026-05-04,Untimely response,,No,,PA,15090
21858333,2026-05-04,SLM CORPORATION,Student loan,Private student loan,Dealing with your lender or servicer,Received bad information about your loan,Web,2026-05-04,Closed with explanation,Company believes it acted appropriately as authorized by contract or law,Yes,,TX,77063
21862537,2026-05-04,"Maximus Federal Services, Inc.",Student loan,Federal student loan servicing,Dealing with your lender or servicer,Received bad information about your loan,Web,2026-05-04,Closed with explanation,,Yes,,IA,523XX
21865724,2026-05-04,"Nelnet, Inc.",Student loan,Federal student loan servicing,Dealing with your lender or servicer,Need information about your loan balance or loan terms,Web,2026-05-04,Closed with explanation,,Yes,,IN,47591
21867231,2026-05-04,MOHELA,Student loan,Federal student loan servicing,Dealing with your lender or servicer,Trouble with how payments are being handled,Web,2026-05-04,Untimely response,,No,,CA,94127
21868827,2026-05-04,MOHELA,Student loan,Federal student loan servicing,Dealing with your lender or servicer,Keep getting calls about your loan,Web,2026-05-04,Closed with explanation,,Yes,,NC,280XX
21870031,2026-05-04,Servicer under contract with Federal Student Aid,Student loan,Federal student loan servicing,Dealing with your lender or servicer,Received bad information about your loan,Web,2026-05-04,Untimely response,,No,,CA,94127
21870342,2026-05-04,"Nelnet, Inc.",Student loan,Federal student loan servicing,Dealing with your lender or servicer,Received bad information about your loan,Web,2026-05-04,Closed with explanation,,Yes,,NC,28645
21870375,2026-05-04,"Navient Solutions, LLC.",Student loan,Private student loan,Dealing with your lender or servicer,Problem with customer service,Web,2026-05-04,Closed with explanation,,Yes,Servicemember,FL,33619
21871905,2026-05-04,Central Research Inc,Student loan,Federal student loan servicing,Dealing with your lender or servicer,Trouble with how payments are being handled,Web,2026-05-04,Closed with explanation,,Yes,,NJ,08619
21878199,2026-05-05,"Maximus Federal Services, Inc.",Student loan,Federal student loan servicing,Dealing with your lender or servicer,Received bad information about your loan,Web,2026-05-05,Closed with explanation,,Yes,,CA,92649
21878664,2026-05-05,MOHELA,Student loan,Federal student loan servicing,Dealing with your lender or servicer,Don't agree with the fees charged,Web,2026-05-05,Untimely response,,No,,NY,10009
21879471,2026-05-05,MOHELA,Student loan,Federal student loan servicing,Dealing with your lender or servicer,Trouble with how payments are being handled,Web,2026-05-05,Untimely response,,No,Older American,KY,40291
21883586,2026-05-05,MOHELA,Student loan,Federal student loan servicing,Dealing with your lender or servicer,Trouble with how payments are being handled,Web,2026-05-05,Closed with explanation,,No,,NV,89119
21888070,2026-05-05,MOHELA,Student loan,Federal student loan servicing,Dealing with your lender or servicer,Trouble with how payments are being handled,Web,2026-05-05,Untimely response,,No,,KS,660XX
21888243,2026-05-05,MOHELA,Student loan,Federal student loan servicing,Dealing with your lender or servicer,Received bad information about your loan,Web,2026-05-05,Untimely response,,No,Servicemember,IN,473XX
21890932,2026-05-05,MOHELA,Student loan,Federal student loan servicing,Dealing with your lender or servicer,Trouble with how payments are being handled,Web,2026-05-05,Untimely response,,No,,IL,617XX
21891210,2026-05-05,MOHELA,Student loan,Federal student loan servicing,Dealing with your lender or servicer,Trouble with how payments are being handled,Web,2026-05-05,Untimely response,,No,,GA,302XX
21891516,2026-05-05,MOHELA,Student loan,Private student loan,Dealing with your lender or servicer,Received bad information about your loan,Web,2026-05-05,Closed with explanation,,Yes,,NY,10455
21894184,2026-05-05,MOHELA,Student loan,Federal student loan servicing,Dealing with your lender or servicer,Problem with customer service,Web,2026-05-05,Untimely response,,No,,WA,990XX
21894546,2026-05-05,MOHELA,Student loan,Federal student loan servicing,Dealing with your lender or servicer,Received bad information about your loan,Web,2026-05-05,Closed with explanation,,No,,FL,344XX
21898477,2026-05-05,"Maximus Federal Services, Inc.",Student loan,Federal student loan servicing,Dealing with your lender or servicer,Received bad information about your loan,Web,2026-05-05,Closed with explanation,,Yes,,OH,45601
21899837,2026-05-05,"Nelnet, Inc.",Student loan,Federal student loan servicing,Dealing with your lender or servicer,Received bad information about your loan,Web,2026-05-05,Closed with explanation,,Yes,,FL,XXXXX
21905493,2026-05-05,Management Location Services Inc.,Student loan,Private student loan,Dealing with your lender or servicer,Received bad information about your loan,Web,2026-05-05,Closed with explanation,,No,,FL,32218
21907135,2026-05-05,"Nelnet, Inc.",Student loan,Federal student loan servicing,Dealing with your lender or servicer,Received bad information about your loan,Web,2026-05-05,Closed with explanation,,Yes,,IL,60647
21910301,2026-05-05,Central Research Inc,Student loan,Federal student loan servicing,Dealing with your lender or servicer,Trouble with how payments are being handled,Web,2026-05-05,Closed with explanation,,Yes,Servicemember,IL,620XX
21929160,2026-05-06,EdFinancial Services,Student loan,Federal student loan servicing,Dealing with your lender or servicer,Problem with customer service,Web,2026-05-06,Closed with explanation,,Yes,,AL,359XX
21929683,2026-05-06,"Maximus Federal Services, Inc.",Student loan,Federal student loan servicing,Dealing with your lender or servicer,Received bad information about your loan,Web,2026-05-06,Closed with explanation,,Yes,Servicemember,NC,284XX
21930198,2026-05-06,MOHELA,Student loan,Federal student loan servicing,Dealing with your lender or servicer,Received bad information about your loan,Web,2026-05-06,Untimely response,,No,,TX,76123
21931371,2026-05-06,AES/PHEAA,Student loan,Private student loan,Dealing with your lender or servicer,Trouble with how payments are being handled,Web,2026-05-06,Closed with explanation,,Yes,,TX,77389
21935820,2026-05-06,"SOFI TECHNOLOGIES, INC.",Student loan,Private student loan,Dealing with your lender or servicer,Don't agree with the fees charged,Web,2026-05-06,Closed with monetary relief,,Yes,,PA,15108
21938207,2026-05-06,MOHELA,Student loan,Federal student loan servicing,Dealing with your lender or servicer,Problem with customer service,Web,2026-05-06,Untimely response,,No,,MD,21117
21941749,2026-05-06,Earnest Inc.,Student loan,Private student loan,Dealing with your lender or servicer,Need information about your loan balance or loan terms,Web,2026-05-06,Closed with explanation,,Yes,,FL,33967
21941927,2026-05-06,"Nelnet, Inc.",Student loan,Federal student loan servicing,Dealing with your lender or servicer,Received bad information about your loan,Web,2026-05-06,Closed with explanation,,Yes,,CA,92335
21943904,2026-05-06,MOHELA,Student loan,Federal student loan servicing,Dealing with your lender or servicer,Need information about your loan balance or loan terms,Web,2026-05-06,Untimely response,,No,Older American,CA,92821
21945490,2026-05-06,"Maximus Federal Services, Inc.",Student loan,Federal student loan servicing,Dealing with your lender or servicer,Trouble with how payments are being handled,Web,2026-05-06,Closed with explanation,,Yes,,IL,60419
21948798,2026-05-06,MOHELA,Student loan,Federal student loan servicing,Dealing with your lender or servicer,Received bad information about your loan,Web,2026-05-06,Untimely response,,No,,OR,97520
21970080,2026-05-07,Servicer under contract with Federal Student Aid,Student loan,Federal student loan servicing,Dealing with your lender or servicer,Received bad information about your loan,Web,2026-05-07,Untimely response,,No,,FL,344XX
21972276,2026-05-07,Central Research Inc,Student loan,Federal student loan servicing,Dealing with your lender or servicer,Trouble with how payments are being handled,Web,2026-05-07,Closed with explanation,,Yes,,MI,480XX
21977158,2026-05-07,"Nelnet, Inc.",Student loan,Federal student loan servicing,Dealing with your lender or servicer,Trouble with how payments are being handled,Web,2026-05-07,Closed with explanation,,Yes,,PA,186XX
21977163,2026-05-07,"Maximus Federal Services, Inc.",Student loan,Federal student loan servicing,Dealing with your lender or servicer,Received bad information about your loan,Web,2026-05-07,Closed with explanation,,Yes,,FL,32750
21977445,2026-05-07,"Nelnet, Inc.",Student loan,Federal student loan servicing,Dealing with your lender or servicer,Don't agree with the fees charged,Web,2026-05-07,Closed with explanation,,Yes,,GA,30134
21979293,2026-05-07,"Paramount Capital Group, Inc.",Student loan,Private student loan,Dealing with your lender or servicer,Trouble with how payments are being handled,Web,2026-05-07,Closed with explanation,,Yes,,NC,27105
21982770,2026-05-07,MOHELA,Student loan,Federal student loan servicing,Dealing with your lender or servicer,Received bad information about your loan,Web,2026-05-07,Closed with explanation,,No,,MI,499XX
21984347,2026-05-07,MOHELA,Student loan,Private student loan,Dealing with your lender or servicer,Received bad information about your loan,Web,2026-05-07,Closed with explanation,,Yes,,TX,75211
21984439,2026-05-07,MOHELA,Student loan,Federal student loan servicing,Dealing with your lender or servicer,Trouble with how payments are being handled,Web,2026-05-07,Untimely response,,No,Servicemember,MI,480XX
21985455,2026-05-07,"Maximus Federal Services, Inc.",Student loan,Federal student loan servicing,Dealing with your lender or servicer,Received bad information about your loan,Web,2026-05-07,Closed with explanation,,Yes,,IN,460XX
21986874,2026-05-07,Servicer under contract with Federal Student Aid,Student loan,Federal student loan servicing,Dealing with your lender or servicer,Trouble with how payments are being handled,Web,2026-06-11,Untimely response,,No,,FL,33023
21989824,2026-05-07,"Nelnet, Inc.",Student loan,Federal student loan servicing,Dealing with your lender or servicer,Don't agree with the fees charged,Web,2026-05-07,Closed with explanation,,Yes,,NY,105XX
21990137,2026-05-07,"Maximus Federal Services, Inc.",Student loan,Federal student loan servicing,Dealing with your lender or servicer,Need information about your loan balance or loan terms,Web,2026-05-07,Closed with explanation,,Yes,,WA,XXXXX
21990911,2026-05-07,"Maximus Federal Services, Inc.",Student loan,Federal student loan servicing,Dealing with your lender or servicer,Received bad information about your loan,Web,2026-05-07,Closed with explanation,,Yes,Servicemember,MI,48219
21991398,2026-05-07,MOHELA,Student loan,Federal student loan servicing,Dealing with your lender or servicer,Don't agree with the fees charged,Web,2026-05-11,Untimely response,,No,,NJ,080XX
22044350,2026-05-09,Ascent Holding Co,Student loan,Private student loan,Dealing with your lender or servicer,Trouble with how payments are being handled,Web,2026-06-29,Closed with explanation,Company believes it acted appropriately as authorized by contract or law,Yes,,CA,95747
22072170,2026-05-11,MOHELA,Student loan,Federal student loan servicing,Dealing with your lender or servicer,Trouble with how payments are being handled,Web,2026-05-11,Untimely response,,No,,PA,184XX
22073418,2026-05-11,Servicer under contract with Federal Student Aid,Student loan,Federal student loan servicing,Dealing with your lender or servicer,Received bad information about your loan,Web,2026-05-11,Untimely response,,No,,NY,117XX
22074457,2026-05-11,SLM CORPORATION,Student loan,Private student loan,Dealing with your lender or servicer,Problem with customer service,Web,2026-05-11,Closed with monetary relief,Company believes complaint is the result of an isolated error,Yes,,GA,30014
22075129,2026-05-11,"Navient Solutions, LLC.",Student loan,Private student loan,Dealing with your lender or servicer,Need information about your loan balance or loan terms,Web,2026-05-11,Closed with explanation,,Yes,,SC,29617
22075774,2026-05-11,MOHELA,Student loan,Federal student loan servicing,Dealing with your lender or servicer,Received bad information about your loan,Web,2026-05-11,Untimely response,,No,,ME,040XX
22076966,2026-05-11,MOHELA,Student loan,Federal student loan servicing,Dealing with your lender or servicer,Problem with customer service,Web,2026-05-11,Closed with explanation,Company believes it acted appropriately as authorized by contract or law,No,,NE,680XX
22078993,2026-05-11,Central Research Inc,Student loan,Federal student loan servicing,Dealing with your lender or servicer,Trouble with how payments are being handled,Web,2026-05-11,Closed with explanation,,Yes,,WV,257XX
22083719,2026-05-11,"SOFI TECHNOLOGIES, INC.",Student loan,Private student loan,Dealing with your lender or servicer,Trouble with how payments are being handled,Web,2026-05-11,Closed with explanation,,Yes,,CA,94107
22084643,2026-05-11,EdFinancial Services,Student loan,Federal student loan servicing,Dealing with your lender or servicer,Don't agree with the fees charged,Web,2026-05-11,Closed with explanation,,Yes,,AL,367XX
22103438,2026-05-12,MOHELA,Student loan,Federal student loan servicing,Dealing with your lender or servicer,Problem with customer service,Web,2026-05-12,Untimely response,,No,,MN,554XX
22105383,2026-05-12,MOHELA,Student loan,Federal student loan servicing,Dealing with your lender or servicer,Need information about your loan balance or loan terms,Web,2026-05-12,Untimely response,,No,,ID,83607
22106073,2026-05-12,"Nelnet, Inc.",Student loan,Federal student loan servicing,Dealing with your lender or servicer,Received bad information about your loan,Web,2026-05-12,Closed with explanation,,Yes,,OH,44305
22107232,2026-05-12,MOHELA,Student loan,Federal student loan servicing,Dealing with your lender or servicer,Need information about your loan balance or loan terms,Web,2026-05-12,Untimely response,,No,,CA,92027
22114472,2026-05-12,"Maximus Federal Services, Inc.",Student loan,Federal student loan servicing,Dealing with your lender or servicer,Need information about your loan balance or loan terms,Web,2026-05-12,Closed with explanation,,Yes,,NY,109XX
22114736,2026-05-12,MOHELA,Student loan,Federal student loan servicing,Dealing with your lender or servicer,Need information about your loan balance or loan terms,Web,2026-05-12,Untimely response,,No,,GA,306XX
22116887,2026-05-12,MOHELA,Student loan,Federal student loan servicing,Dealing with your lender or servicer,Trouble with how payments are being handled,Web,2026-06-10,Closed with explanation,,No,,CA,92692
22119818,2026-05-12,Climb Credit Inc.,Student loan,Private student loan,Dealing with your lender or servicer,Problem with customer service,Web,2026-05-12,Closed with explanation,,Yes,,NY,11204
22120743,2026-05-12,"Navient Solutions, LLC.",Student loan,Private student loan,Dealing with your lender or servicer,Received bad information about your loan,Web,2026-05-12,Closed with explanation,,Yes,,MA,019XX
22120779,2026-05-12,MOHELA,Student loan,Federal student loan servicing,Dealing with your lender or servicer,Trouble with how payments are being handled,Web,2026-05-12,Untimely response,,No,Servicemember,CO,80138
22124542,2026-05-12,MOHELA,Student loan,Private student loan,Dealing with your lender or servicer,Received bad information about your loan,Web,2026-05-12,Closed with explanation,,Yes,,NH,038XX
22124654,2026-05-12,"SOFI TECHNOLOGIES, INC.",Student loan,Private student loan,Dealing with your lender or servicer,Trouble with how payments are being handled,Web,2026-05-12,Closed with explanation,,Yes,,CA,95610
22124861,2026-05-12,"Nelnet, Inc.",Student loan,Federal student loan servicing,Dealing with your lender or servicer,Problem with customer service,Web,2026-05-12,Closed with explanation,,Yes,"Older American, Servicemember",FL,32092
22150254,2026-05-13,Central Research Inc,Student loan,Federal student loan servicing,Dealing with your lender or servicer,Problem with customer service,Web,2026-05-13,Closed with explanation,,Yes,,CA,92111
22152917,2026-05-13,EdFinancial Services,Student loan,Federal student loan servicing,Dealing with your lender or servicer,Received bad information about your loan,Web,2026-05-13,Closed with explanation,,Yes,,TX,76227
22155996,2026-05-13,EdFinancial Services,Student loan,Federal student loan servicing,Dealing with your lender or servicer,Trouble with how payments are being handled,Web,2026-05-13,Closed with explanation,,Yes,,TX,78626
22156979,2026-05-13,MOHELA,Student loan,Private student loan,Dealing with your lender or servicer,Problem with customer service,Web,2026-05-13,Closed with explanation,,Yes,,SC,29617
22165687,2026-05-13,"Maximus Federal Services, Inc.",Student loan,Federal student loan servicing,Dealing with your lender or servicer,Received bad information about your loan,Web,2026-05-13,Closed with explanation,,Yes,,TX,XXXXX
22166177,2026-05-13,"Maximus Federal Services, Inc.",Student loan,Federal student loan servicing,Dealing with your lender or servicer,Need information about your loan balance or loan terms,Web,2026-05-13,Closed with explanation,,Yes,,NY,130XX
22166378,2026-05-13,"Maximus Federal Services, Inc.",Student loan,Federal student loan servicing,Dealing with your lender or servicer,Received bad information about your loan,Web,2026-05-13,Closed with explanation,,Yes,,IL,60076
22166503,2026-05-13,"Nelnet, Inc.",Student loan,Federal student loan servicing,Dealing with your lender or servicer,Received bad information about your loan,Web,2026-05-13,Closed with explanation,,Yes,Servicemember,IN,479XX
22167298,2026-05-13,MOHELA,Student loan,Federal student loan servicing,Dealing with your lender or servicer,Trouble with how payments are being handled,Web,2026-05-13,Untimely response,,No,Older American,OH,43214
22169225,2026-05-13,MOHELA,Student loan,Federal student loan servicing,Dealing with your lender or servicer,Received bad information about your loan,Web,2026-05-13,Untimely response,,No,,FL,33629
22171059,2026-05-13,"Nelnet, Inc.",Student loan,Federal student loan servicing,Dealing with your lender or servicer,Keep getting calls about your loan,Web,2026-05-13,Closed with explanation,,Yes,,IN,460XX
22171152,2026-05-13,Servicer under contract with Federal Student Aid,Student loan,Federal student loan servicing,Dealing with your lender or servicer,Don't agree with the fees charged,Web,2026-05-13,Untimely response,,No,,MN,553XX
22173288,2026-05-13,MOHELA,Student loan,Private student loan,Dealing with your lender or servicer,Received bad information about your loan,Web,2026-05-13,Closed with explanation,,Yes,,PA,18102
22177803,2026-05-13,"Nelnet, Inc.",Student loan,Federal student loan servicing,Dealing with your lender or servicer,Received bad information about your loan,Web,2026-05-13,Closed with explanation,,Yes,,TX,78415
22178920,2026-05-13,MOHELA,Student loan,Federal student loan servicing,Dealing with your lender or servicer,Received bad information about your loan,Web,2026-05-13,Untimely response,,No,Servicemember,FL,32738
22181792,2026-05-13,"Nelnet, Inc.",Student loan,Federal student loan servicing,Dealing with your lender or servicer,Problem with customer service,Web,2026-05-13,Closed with explanation,,Yes,,OR,97202
22184613,2026-05-14,Central Research Inc,Student loan,Federal student loan servicing,Dealing with your lender or servicer,Received bad information about your loan,Web,2026-05-14,Closed with explanation,,Yes,,LA,71291
22191239,2026-05-14,MOHELA,Student loan,Federal student loan servicing,Dealing with your lender or servicer,Problem with customer service,Web,2026-05-14,Untimely response,,No,,CA,94103
22194489,2026-05-14,"Maximus Federal Services, Inc.",Student loan,Federal student loan servicing,Dealing with your lender or servicer,Received bad information about your loan,Web,2026-05-14,Closed with explanation,,Yes,,CA,91104
22197224,2026-05-14,"Maximus Federal Services, Inc.",Student loan,Federal student loan servicing,Dealing with your lender or servicer,Received bad information about your loan,Web,2026-05-14,Closed with explanation,,Yes,Servicemember,KY,411XX
22202971,2026-05-14,"Williams & Fudge, Inc",Student loan,Federal student loan servicing,Dealing with your lender or servicer,Problem with customer service,Web,2026-05-14,Closed with explanation,,Yes,,MS,389XX
22202995,2026-05-14,Servicer under contract with Federal Student Aid,Student loan,Federal student loan servicing,Dealing with your lender or servicer,Problem with customer service,Web,2026-05-14,Untimely response,,No,,TX,77706
22203846,2026-05-14,Servicer under contract with Federal Student Aid,Student loan,Federal student loan servicing,Dealing with your lender or servicer,Trouble with how payments are being handled,Web,2026-05-26,Untimely response,,No,,MA,018XX
22204068,2026-05-14,MOHELA,Student loan,Federal student loan servicing,Dealing with your lender or servicer,Trouble with how payments are being handled,Web,2026-05-14,Untimely response,,No,,OH,442XX
22204909,2026-05-14,MOHELA,Student loan,Federal student loan servicing,Dealing with your lender or servicer,Received bad information about your loan,Web,2026-05-14,Untimely response,,No,,GA,30068
22209746,2026-05-14,MOHELA,Student loan,Federal student loan servicing,Dealing with your lender or servicer,Problem with customer service,Web,2026-05-14,Closed with explanation,,Yes,,GA,30083
22212980,2026-05-14,WELLS FARGO & COMPANY,Student loan,Private student loan,Dealing with your lender or servicer,Received bad information about your loan,Web,2026-05-14,Closed with explanation,Company has responded to the consumer and the CFPB and chooses not to provide a public response,Yes,Servicemember,NC,283XX
22214818,2026-05-14,"Nelnet, Inc.",Student loan,Federal student loan servicing,Dealing with your lender or servicer,Trouble with how payments are being handled,Web,2026-05-14,Closed with explanation,,Yes,,FL,33805
22215405,2026-05-14,AES/PHEAA,Student loan,Federal student loan servicing,Dealing with your lender or servicer,Need information about your loan balance or loan terms,Web,2026-05-14,Closed with explanation,,Yes,,PA,15317
22218294,2026-05-14,MOHELA,Student loan,Federal student loan servicing,Dealing with your lender or servicer,Need information about your loan balance or loan terms,Web,2026-06-10,Untimely response,,No,,NJ,07008
22218795,2026-05-14,MOHELA,Student loan,Federal student loan servicing,Dealing with your lender or servicer,Trouble with how payments are being handled,Web,2026-05-14,Untimely response,,No,,ID,83714
22219738,2026-05-14,MOHELA,Student loan,Private student loan,Dealing with your lender or servicer,Received bad information about your loan,Web,2026-05-14,Closed with explanation,,Yes,,TN,380XX
22220231,2026-05-14,Servicer under contract with Federal Student Aid,Student loan,Federal student loan servicing,Dealing with your lender or servicer,Problem with customer service,Web,2026-05-14,Untimely response,,No,Servicemember,SC,298XX
22222741,2026-05-14,"Maximus Federal Services, Inc.",Student loan,Federal student loan servicing,Dealing with your lender or servicer,Received bad information about your loan,Web,2026-05-15,Closed with explanation,,Yes,,TX,751XX
22222914,2026-05-14,MOHELA,Student loan,Federal student loan servicing,Dealing with your lender or servicer,Received bad information about your loan,Web,2026-05-14,Closed with explanation,Company believes it acted appropriately as authorized by contract or law,Yes,,CA,94066
22234303,2026-05-15,MOHELA,Student loan,Federal student loan servicing,Dealing with your lender or servicer,Trouble with how payments are being handled,Web,2026-05-15,Closed with explanation,Company believes it acted appropriately as authorized by contract or law,No,Servicemember,LA,714XX
22242387,2026-05-15,MOHELA,Student loan,Federal student loan servicing,Dealing with your lender or servicer,Received bad information about your loan,Web,2026-05-15,Untimely response,,No,,PA,17325
22243112,2026-05-15,"Maximus Federal Services, Inc.",Student loan,Federal student loan servicing,Dealing with your lender or servicer,Trouble with how payments are being handled,Web,2026-05-15,Closed with explanation,,Yes,,OH,44146
22267572,2026-05-16,MOHELA,Student loan,Federal student loan servicing,Dealing with your lender or servicer,Problem with customer service,Web,2026-06-08,Untimely response,,No,,LA,703XX
22276266,2026-05-16,"Maximus Federal Services, Inc.",Student loan,Federal student loan servicing,Dealing with your lender or servicer,Need information about your loan balance or loan terms,Web,2026-07-07,Closed with explanation,,Yes,,OH,43147
22279125,2026-05-16,Climb Credit Inc.,Student loan,Private student loan,Dealing with your lender or servicer,Received bad information about your loan,Web,2026-06-10,Closed with explanation,,Yes,Older American,CA,93446
22285795,2026-05-17,EdFinancial Services,Student loan,Federal student loan servicing,Dealing with your lender or servicer,Received bad information about your loan,Web,2026-05-17,Closed with explanation,,Yes,,GA,30341
22288236,2026-05-17,"Nelnet, Inc.",Student loan,Federal student loan servicing,Dealing with your lender or servicer,Received bad information about your loan,Web,2026-05-17,Closed with explanation,,Yes,Servicemember,AZ,86401
22290251,2026-05-17,"Nelnet, Inc.",Student loan,Federal student loan servicing,Dealing with your lender or servicer,Problem with customer service,Web,2026-05-17,Closed with explanation,,Yes,,SC,29550
22292835,2026-05-17,MOHELA,Student loan,Federal student loan servicing,Dealing with your lender or servicer,Problem with customer service,Web,2026-05-17,Untimely response,,No,,NY,12303
22294111,2026-05-18,"Nelnet, Inc.",Student loan,Federal student loan servicing,Dealing with your lender or servicer,Keep getting calls about your loan,Web,2026-05-18,Closed with explanation,,Yes,,NY,11421
22295481,2026-05-18,MOHELA,Student loan,Federal student loan servicing,Dealing with your lender or servicer,Received bad information about your loan,Web,2026-05-18,Untimely response,,No,,AZ,85086
22302065,2026-05-18,Texas Guaranteed,Student loan,Federal student loan servicing,Dealing with your lender or servicer,Don't agree with the fees charged,Web,2026-05-18,Closed with explanation,Company believes it acted appropriately as authorized by contract or law,Yes,Older American,MI,48234
22302309,2026-05-18,MOHELA,Student loan,Federal student loan servicing,Dealing with your lender or servicer,Trouble with how payments are being handled,Web,2026-05-18,Untimely response,,No,,MO,64083
22302576,2026-05-18,EdFinancial Services,Student loan,Federal student loan servicing,Dealing with your lender or servicer,Trouble with how payments are being handled,Web,2026-05-18,Closed with explanation,,Yes,,NY,10022
22303199,2026-05-18,"Nelnet, Inc.",Student loan,Federal student loan servicing,Dealing with your lender or servicer,Received bad information about your loan,Web,2026-05-18,Closed with explanation,,Yes,,FL,34787
22303719,2026-05-18,"Nelnet, Inc.",Student loan,Federal student loan servicing,Dealing with your lender or servicer,Don't agree with the fees charged,Web,2026-05-18,Closed with explanation,,Yes,,PA,159XX
22310536,2026-05-18,EdFinancial Services,Student loan,Federal student loan servicing,Dealing with your lender or servicer,Received bad information about your loan,Web,2026-05-18,Closed with explanation,,No,,NY,12550
22311545,2026-05-18,EdFinancial Services,Student loan,Federal student loan servicing,Dealing with your lender or servicer,Trouble with how payments are being handled,Web,2026-05-18,Closed with explanation,,Yes,,IL,60641
22311549,2026-05-18,MOHELA,Student loan,Federal student loan servicing,Dealing with your lender or servicer,Don't agree with the fees charged,Web,2026-05-18,Untimely response,,No,,VA,23464
22312441,2026-05-18,MOHELA,Student loan,Private student loan,Dealing with your lender or servicer,Problem with customer service,Web,2026-05-18,Closed with explanation,,Yes,,NY,144XX
22312457,2026-05-18,MOHELA,Student loan,Federal student loan servicing,Dealing with your lender or servicer,Trouble with how payments are being handled,Web,2026-05-18,Untimely response,,No,Servicemember,FL,331XX
22315271,2026-05-18,MOHELA,Student loan,Federal student loan servicing,Dealing with your lender or servicer,Received bad information about your loan,Web,2026-05-18,Untimely response,,No,,VA,23434
22318254,2026-05-18,MOHELA,Student loan,Federal student loan servicing,Dealing with your lender or servicer,Received bad information about your loan,Web,2026-05-18,Closed with explanation,,Yes,,NV,89130
22320791,2026-05-18,EdFinancial Services,Student loan,Federal student loan servicing,Dealing with your lender or servicer,Received bad information about your loan,Web,2026-05-18,Closed with explanation,,Yes,,SC,29150
22323913,2026-05-18,Central Research Inc,Student loan,Federal student loan servicing,Dealing with your lender or servicer,Trouble with how payments are being handled,Web,2026-05-18,Closed with explanation,,Yes,,MI,483XX
22324616,2026-05-18,SLM CORPORATION,Student loan,Private student loan,Dealing with your lender or servicer,Keep getting calls about your loan,Web,2026-05-18,Closed with non-monetary relief,Company believes it acted appropriately as authorized by contract or law,Yes,,NY,100XX
22324756,2026-05-18,EdFinancial Services,Student loan,Federal student loan servicing,Dealing with your lender or servicer,Trouble with how payments are being handled,Web,2026-05-18,Closed with explanation,,Yes,,OR,97303
22326216,2026-05-18,MOHELA,Student loan,Federal student loan servicing,Dealing with your lender or servicer,Trouble with how payments are being handled,Web,2026-05-19,Untimely response,,No,,TX,77494
22328963,2026-05-19,MOHELA,Student loan,Federal student loan servicing,Dealing with your lender or servicer,Trouble with how payments are being handled,Web,2026-05-19,Untimely response,,No,"Older American, Servicemember",GA,30501
22329307,2026-05-19,"Maximus Federal Services, Inc.",Student loan,Federal student loan servicing,Dealing with your lender or servicer,Received bad information about your loan,Web,2026-06-02,Closed with explanation,,Yes,,TX,77459
22331347,2026-05-19,"Nelnet, Inc.",Student loan,Federal student loan servicing,Dealing with your lender or servicer,Received bad information about your loan,Web,2026-05-19,Closed with explanation,,Yes,,AK,99515
22333548,2026-05-19,MOHELA,Student loan,Federal student loan servicing,Dealing with your lender or servicer,Problem with customer service,Web,2026-05-19,Untimely response,,No,,CA,94103
22336370,2026-05-19,MOHELA,Student loan,Federal student loan servicing,Dealing with your lender or servicer,Need information about your loan balance or loan terms,Web,2026-05-19,Untimely response,,No,,LA,71118
22341738,2026-05-19,MOHELA,Student loan,Private student loan,Dealing with your lender or servicer,Problem with customer service,Web,2026-05-19,Closed with explanation,,Yes,,MI,48315
22348284,2026-05-19,MOHELA,Student loan,Private student loan,Dealing with your lender or servicer,Received bad information about your loan,Web,2026-05-20,Closed with explanation,,Yes,Servicemember,NC,283XX
22348621,2026-05-19,MOHELA,Student loan,Federal student loan servicing,Dealing with your lender or servicer,Trouble with how payments are being handled,Web,2026-05-19,Untimely response,,No,,ID,836XX
22348809,2026-05-19,MOHELA,Student loan,Federal student loan servicing,Dealing with your lender or servicer,Received bad information about your loan,Web,2026-05-19,Untimely response,,No,,NH,03102
22352914,2026-05-19,MOHELA,Student loan,Federal student loan servicing,Dealing with your lender or servicer,Trouble with how payments are being handled,Web,2026-05-19,Closed with explanation,Company believes it acted appropriately as authorized by contract or law,Yes,,CT,06002
22355136,2026-05-19,"Nelnet, Inc.",Student loan,Federal student loan servicing,Dealing with your lender or servicer,Co-signer,Web,2026-05-19,Closed with explanation,,Yes,,GA,30134
22355933,2026-05-19,MOHELA,Student loan,Federal student loan servicing,Dealing with your lender or servicer,Received bad information about your loan,Web,2026-06-10,Untimely response,,No,,NC,XXXXX
22357602,2026-05-19,"Navient Solutions, LLC.",Student loan,Private student loan,Dealing with your lender or servicer,Received bad information about your loan,Web,2026-05-19,Closed with explanation,,Yes,,PA,18102
22359844,2026-05-19,MOHELA,Student loan,Private student loan,Dealing with your lender or servicer,Problem with customer service,Web,2026-05-19,Closed with explanation,,Yes,,TX,75208
22360240,2026-05-19,MOHELA,Student loan,Federal student loan servicing,Dealing with your lender or servicer,Received bad information about your loan,Web,2026-05-19,Untimely response,,No,Older American,MT,59105
22364998,2026-05-19,"Nelnet, Inc.",Student loan,Federal student loan servicing,Dealing with your lender or servicer,Received bad information about your loan,Web,2026-05-19,Closed with explanation,,Yes,,OH,440XX
22367467,2026-05-19,Servicer under contract with Federal Student Aid,Student loan,Federal student loan servicing,Dealing with your lender or servicer,Need information about your loan balance or loan terms,Web,2026-05-19,Untimely response,,No,,IL,60423
22368915,2026-05-19,"MPOWER Financing, Public Benefit Corporation",Student loan,Private student loan,Dealing with your lender or servicer,Problem with customer service,Web,2026-05-20,Closed with explanation,Company believes the complaint provided an opportunity to answer consumer's questions,Yes,,NY,11233
22369639,2026-05-20,MOHELA,Student loan,Federal student loan servicing,Dealing with your lender or servicer,Need information about your loan balance or loan terms,Web,2026-05-20,Untimely response,,No,,WA,98042
22371510,2026-05-20,"Maximus Federal Services, Inc.",Student loan,Federal student loan servicing,Dealing with your lender or servicer,Trouble with how payments are being handled,Web,2026-05-20,Closed with explanation,,Yes,,NY,10011
22383483,2026-05-20,MOHELA,Student loan,Federal student loan servicing,Dealing with your lender or servicer,Problem with customer service,Web,2026-05-20,Untimely response,,No,,MN,55038
22386580,2026-05-20,MOHELA,Student loan,Federal student loan servicing,Dealing with your lender or servicer,Trouble with how payments are being handled,Web,2026-05-20,Untimely response,,No,,OR,97230
22391012,2026-05-20,HEARTLAND PAYMENT SYSTEMS INC,Student loan,Federal student loan servicing,Dealing with your lender or servicer,Trouble with how payments are being handled,Web,2026-05-20,Closed with explanation,,No,,MT,59601
22391654,2026-05-20,MOHELA,Student loan,Federal student loan servicing,Dealing with your lender or servicer,Trouble with how payments are being handled,Web,2026-05-20,Untimely response,,No,,GA,30907
22401219,2026-05-20,MOHELA,Student loan,Federal student loan servicing,Dealing with your lender or servicer,Trouble with how payments are being handled,Web,2026-05-20,Untimely response,,No,,CA,92688
22405115,2026-05-20,MOHELA,Student loan,Federal student loan servicing,Dealing with your lender or servicer,Received bad information about your loan,Web,2026-05-21,Closed with explanation,,Yes,,TX,77004
22410313,2026-05-20,MOHELA,Student loan,Federal student loan servicing,Dealing with your lender or servicer,Trouble with how payments are being handled,Web,2026-05-20,Closed with explanation,,Yes,,OH,443XX
22413703,2026-05-21,HEARTLAND PAYMENT SYSTEMS INC,Student loan,Private student loan,Dealing with your lender or servicer,Trouble with how payments are being handled,Web,2026-05-21,Closed with explanation,,Yes,,AK,998XX
22414615,2026-05-21,"Nelnet, Inc.",Student loan,Federal student loan servicing,Dealing with your lender or servicer,Trouble with how payments are being handled,Web,2026-05-21,Closed with explanation,,Yes,,IL,60613
22416171,2026-05-21,"Maximus Federal Services, Inc.",Student loan,Federal student loan servicing,Dealing with your lender or servicer,Need information about your loan balance or loan terms,Web,2026-05-27,Closed with explanation,,Yes,,CA,XXXXX
22416447,2026-05-21,Servicer under contract with Federal Student Aid,Student loan,Federal student loan servicing,Dealing with your lender or servicer,Need information about your loan balance or loan terms,Web,2026-05-21,Untimely response,,No,,CA,XXXXX
22416609,2026-05-21,MOHELA,Student loan,Federal student loan servicing,Dealing with your lender or servicer,Need information about your loan balance or loan terms,Web,2026-05-21,Closed with explanation,Company believes it acted appropriately as authorized by contract or law,No,,CA,XXXXX
22416647,2026-05-21,MOHELA,Student loan,Federal student loan servicing,Dealing with your lender or servicer,Received bad information about your loan,Web,2026-05-21,Closed with explanation,,Yes,Older American,IN,46953
22417102,2026-05-21,"Maximus Federal Services, Inc.",Student loan,Federal student loan servicing,Dealing with your lender or servicer,Problem with customer service,Web,2026-05-26,Closed with explanation,,Yes,,CA,90504
22419365,2026-05-21,MOHELA,Student loan,Federal student loan servicing,Dealing with your lender or servicer,Trouble with how payments are being handled,Web,2026-05-21,Untimely response,,No,,FL,33033
22425470,2026-05-21,MOHELA,Student loan,Federal student loan servicing,Dealing with your lender or servicer,Trouble with how payments are being handled,Web,2026-05-21,Untimely response,,No,,MD,212XX
22426664,2026-05-21,"Maximus Federal Services, Inc.",Student loan,Federal student loan servicing,Dealing with your lender or servicer,Problem with customer service,Web,2026-06-10,Closed with explanation,,Yes,Older American,NJ,07871
22429686,2026-05-21,"Maximus Federal Services, Inc.",Student loan,Federal student loan servicing,Dealing with your lender or servicer,Received bad information about your loan,Web,2026-05-21,Closed with explanation,,Yes,,TX,XXXXX
22430565,2026-05-21,MOHELA,Student loan,Federal student loan servicing,Dealing with your lender or servicer,Need information about your loan balance or loan terms,Web,2026-05-21,Untimely response,,No,,PR,009XX
22434837,2026-05-21,MOHELA,Student loan,Federal student loan servicing,Dealing with your lender or servicer,Don't agree with the fees charged,Web,2026-05-21,Untimely response,,No,,WI,53154
22435100,2026-05-21,"Maximus Federal Services, Inc.",Student loan,Federal student loan servicing,Dealing with your lender or servicer,Received bad information about your loan,Web,2026-05-21,Closed with explanation,,Yes,,MS,38637
22435329,2026-05-21,MOHELA,Student loan,Federal student loan servicing,Dealing with your lender or servicer,Need information about your loan balance or loan terms,Web,2026-05-21,Untimely response,,No,,SC,290XX
22435685,2026-05-21,"Nelnet, Inc.",Student loan,Federal student loan servicing,Dealing with your lender or servicer,Need information about your loan balance or loan terms,Web,2026-05-21,Closed with explanation,,Yes,,SC,290XX
22435840,2026-05-21,MOHELA,Student loan,Federal student loan servicing,Dealing with your lender or servicer,Trouble with how payments are being handled,Web,2026-05-21,Untimely response,,No,,GA,30033
22435951,2026-05-21,Servicer under contract with Federal Student Aid,Student loan,Federal student loan servicing,Dealing with your lender or servicer,Need information about your loan balance or loan terms,Web,2026-05-21,Untimely response,,No,,SC,290XX
22436458,2026-05-21,"Nelnet, Inc.",Student loan,Federal student loan servicing,Dealing with your lender or servicer,Received bad information about your loan,Web,2026-05-21,Closed with explanation,,Yes,,NV,89120
22440298,2026-05-21,"Nelnet, Inc.",Student loan,Federal student loan servicing,Dealing with your lender or servicer,Received bad information about your loan,Web,2026-05-21,Closed with explanation,,Yes,,IL,60657
22441045,2026-05-21,MOHELA,Student loan,Federal student loan servicing,Dealing with your lender or servicer,Received bad information about your loan,Web,2026-05-21,Untimely response,,No,,MA,019XX
22441824,2026-05-21,Servicer under contract with Federal Student Aid,Student loan,Federal student loan servicing,Dealing with your lender or servicer,Problem with customer service,Web,2026-05-21,Untimely response,,No,,VT,054XX
22448130,2026-05-21,"Maximus Federal Services, Inc.",Student loan,Federal student loan servicing,Dealing with your lender or servicer,Trouble with how payments are being handled,Web,2026-05-21,Closed with explanation,,Yes,,CA,92612
22449259,2026-05-21,MOHELA,Student loan,Federal student loan servicing,Dealing with your lender or servicer,Received bad information about your loan,Web,2026-05-21,Untimely response,,No,,VA,23222
22449372,2026-05-21,EdFinancial Services,Student loan,Federal student loan servicing,Dealing with your lender or servicer,Received bad information about your loan,Web,2026-05-21,Closed with explanation,,Yes,,NY,12550
22451352,2026-05-21,MOHELA,Student loan,Federal student loan servicing,Dealing with your lender or servicer,Don't agree with the fees charged,Web,2026-05-21,Untimely response,,No,,TN,379XX
22452430,2026-05-21,Central Research Inc,Student loan,Federal student loan servicing,Dealing with your lender or servicer,Received bad information about your loan,Web,2026-05-21,Closed with explanation,,Yes,,MD,21740
22453346,2026-05-21,MOHELA,Student loan,Federal student loan servicing,Dealing with your lender or servicer,Received bad information about your loan,Web,2026-05-22,Untimely response,,No,,NM,XXXXX
22453614,2026-05-21,MOHELA,Student loan,Federal student loan servicing,Dealing with your lender or servicer,Trouble with how payments are being handled,Web,2026-05-22,Untimely response,,No,,VA,23231
22458034,2026-05-22,Climb Credit Inc.,Student loan,Private student loan,Dealing with your lender or servicer,Trouble with how payments are being handled,Web,2026-05-22,Closed with explanation,,Yes,,NJ,07024
22458343,2026-05-22,MOHELA,Student loan,Federal student loan servicing,Dealing with your lender or servicer,Received bad information about your loan,Web,2026-05-22,Untimely response,,No,,IL,60637
22466495,2026-05-22,Climb Credit Inc.,Student loan,Private student loan,Dealing with your lender or servicer,Need information about your loan balance or loan terms,Web,2026-05-22,Closed with explanation,,Yes,,NJ,070XX
22466729,2026-05-22,MOHELA,Student loan,Federal student loan servicing,Dealing with your lender or servicer,Trouble with how payments are being handled,Web,2026-05-22,Untimely response,,No,,WI,53719
22467133,2026-05-22,"Nelnet, Inc.",Student loan,Federal student loan servicing,Dealing with your lender or servicer,Don't agree with the fees charged,Web,2026-05-22,Closed with explanation,,Yes,,NV,89052
22468022,2026-05-22,Servicer under contract with Federal Student Aid,Student loan,Federal student loan servicing,Dealing with your lender or servicer,Trouble with how payments are being handled,Web,2026-05-22,Untimely response,,No,,MA,01020
22469013,2026-05-22,MOHELA,Student loan,Federal student loan servicing,Dealing with your lender or servicer,Received bad information about your loan,Web,2026-05-22,Untimely response,,No,,FL,34759
22472831,2026-05-22,"Maximus Federal Services, Inc.",Student loan,Federal student loan servicing,Dealing with your lender or servicer,Trouble with how payments are being handled,Web,2026-06-02,Closed with explanation,,Yes,,AL,365XX
22515604,2026-05-24,MOHELA,Student loan,Federal student loan servicing,Dealing with your lender or servicer,Trouble with how payments are being handled,Web,2026-05-24,Untimely response,,No,,CO,80634
22518334,2026-05-24,MOHELA,Student loan,Federal student loan servicing,Dealing with your lender or servicer,Received bad information about your loan,Web,2026-05-24,Untimely response,,No,,GA,30909
22518542,2026-05-24,MOHELA,Student loan,Federal student loan servicing,Dealing with your lender or servicer,Received bad information about your loan,Web,2026-05-24,Untimely response,,No,,TN,37043
22519870,2026-05-24,MOHELA,Student loan,Federal student loan servicing,Dealing with your lender or servicer,Trouble with how payments are being handled,Web,2026-05-24,Untimely response,,No,,MA,02130
22520288,2026-05-24,EdFinancial Services,Student loan,Federal student loan servicing,Dealing with your lender or servicer,Received bad information about your loan,Web,2026-05-24,Closed with explanation,,Yes,,GA,30045
22521437,2026-05-24,Kentucky Higher Education Assistance Authority,Student loan,Federal student loan servicing,Dealing with your lender or servicer,Received bad information about your loan,Web,2026-05-24,Closed with explanation,,Yes,Servicemember,NJ,07065
22522083,2026-05-24,MOHELA,Student loan,Federal student loan servicing,Dealing with your lender or servicer,Trouble with how payments are being handled,Web,2026-05-24,Untimely response,,No,Servicemember,NJ,074XX
22524847,2026-05-25,"Nelnet, Inc.",Student loan,Federal student loan servicing,Dealing with your lender or servicer,Received bad information about your loan,Web,2026-05-25,Closed with explanation,,Yes,,FL,34209
22526760,2026-05-25,"Nelnet, Inc.",Student loan,Federal student loan servicing,Dealing with your lender or servicer,Trouble with how payments are being handled,Web,2026-05-25,Closed with explanation,,Yes,,TX,75070
22529386,2026-05-25,MOHELA,Student loan,Federal student loan servicing,Dealing with your lender or servicer,Need information about your loan balance or loan terms,Web,2026-05-25,Closed with explanation,,Yes,,LA,708XX
22536417,2026-05-25,MOHELA,Student loan,Private student loan,Dealing with your lender or servicer,Keep getting calls about your loan,Web,2026-05-25,Closed with explanation,,Yes,Servicemember,IA,500XX
22537346,2026-05-25,Earnest Inc.,Student loan,Private student loan,Dealing with your lender or servicer,Keep getting calls about your loan,Web,2026-05-25,Closed with explanation,,Yes,Servicemember,IA,500XX
22537767,2026-05-25,Central Research Inc,Student loan,Federal student loan servicing,Dealing with your lender or servicer,Received bad information about your loan,Web,2026-05-25,Closed with explanation,,Yes,,PA,19082
22537801,2026-05-25,"Maximus Federal Services, Inc.",Student loan,Federal student loan servicing,Dealing with your lender or servicer,Trouble with how payments are being handled,Web,2026-05-25,Closed with explanation,,Yes,,MN,55345
22542205,2026-05-25,Central Research Inc,Student loan,Federal student loan servicing,Dealing with your lender or servicer,Problem with customer service,Web,2026-05-25,Closed with explanation,,Yes,,NJ,07083
22550200,2026-05-25,Earnest Inc.,Student loan,Private student loan,Dealing with your lender or servicer,Received bad information about your loan,Web,2026-05-25,Closed with explanation,,Yes,,MO,63401
22551301,2026-05-25,EdFinancial Services,Student loan,Federal student loan servicing,Dealing with your lender or servicer,Problem with customer service,Web,2026-05-25,Closed with explanation,,Yes,,AL,359XX
22551499,2026-05-25,MOHELA,Student loan,Federal student loan servicing,Dealing with your lender or servicer,Trouble with how payments are being handled,Web,2026-05-25,Untimely response,,No,Older American,FL,33991
22552069,2026-05-25,MOHELA,Student loan,Federal student loan servicing,Dealing with your lender or servicer,Received bad information about your loan,Web,2026-05-25,Untimely response,,No,,FL,33703
22553718,2026-05-25,"Maximus Federal Services, Inc.",Student loan,Federal student loan servicing,Dealing with your lender or servicer,Received bad information about your loan,Web,2026-05-25,Closed with explanation,,Yes,,MA,021XX
22561272,2026-05-26,MOHELA,Student loan,Federal student loan servicing,Dealing with your lender or servicer,Problem with customer service,Web,2026-05-26,Untimely response,,No,,CA,96002
22563534,2026-05-26,Servicer under contract with Federal Student Aid,Student loan,Federal student loan servicing,Dealing with your lender or servicer,Trouble with how payments are being handled,Web,2026-05-26,Untimely response,,No,Servicemember,NV,89011
22568846,2026-05-26,MOHELA,Student loan,Private student loan,Dealing with your lender or servicer,Received bad information about your loan,Web,2026-05-26,Untimely response,,No,,VA,23225
22569372,2026-05-26,MOHELA,Student loan,Federal student loan servicing,Dealing with your lender or servicer,Trouble with how payments are being handled,Web,2026-05-26,Untimely response,,No,,KY,420XX
22570392,2026-05-26,MOHELA,Student loan,Federal student loan servicing,Dealing with your lender or servicer,Trouble with how payments are being handled,Web,2026-05-27,Untimely response,,No,,CA,90008
22570897,2026-05-26,MOHELA,Student loan,Federal student loan servicing,Dealing with your lender or servicer,Trouble with how payments are being handled,Web,2026-05-26,Untimely response,,No,,CA,90008
22571668,2026-05-26,AES/PHEAA,Student loan,Federal student loan servicing,Dealing with your lender or servicer,Received bad information about your loan,Web,2026-05-26,Closed with explanation,,Yes,,NJ,07430
22572446,2026-05-26,MOHELA,Student loan,Federal student loan servicing,Dealing with your lender or servicer,Problem with customer service,Web,2026-05-26,Closed with explanation,,No,,DE,19958
22573524,2026-05-26,"Maximus Federal Services, Inc.",Student loan,Federal student loan servicing,Dealing with your lender or servicer,Trouble with how payments are being handled,Web,2026-05-26,Closed with explanation,,Yes,,GA,30157
22573874,2026-05-26,"ECMC GROUP, INC.",Student loan,Federal student loan servicing,Dealing with your lender or servicer,Don't agree with the fees charged,Web,2026-05-27,Closed with explanation,Company has responded to the consumer and the CFPB and chooses not to provide a public response,Yes,,SC,29115
22575810,2026-05-26,"Maximus Federal Services, Inc.",Student loan,Federal student loan servicing,Dealing with your lender or servicer,Received bad information about your loan,Web,2026-05-26,Closed with explanation,,Yes,,IN,460XX
22577305,2026-05-26,Universal Technical Institute,Student loan,Federal student loan servicing,Dealing with your lender or servicer,Received bad information about your loan,Web,2026-05-26,Closed with explanation,,Yes,Servicemember,NC,280XX
22588082,2026-05-26,"Maximus Federal Services, Inc.",Student loan,Federal student loan servicing,Dealing with your lender or servicer,Received bad information about your loan,Web,2026-05-26,Closed with explanation,,Yes,,CA,95670
22588211,2026-05-26,Servicer under contract with Federal Student Aid,Student loan,Federal student loan servicing,Dealing with your lender or servicer,Trouble with how payments are being handled,Web,2026-05-26,Untimely response,,No,Servicemember,CA,94044
22589242,2026-05-26,Servicer under contract with Federal Student Aid,Student loan,Federal student loan servicing,Dealing with your lender or servicer,Don't agree with the fees charged,Web,2026-05-26,Untimely response,,No,Older American,NY,11746
22593437,2026-05-26,MOHELA,Student loan,Federal student loan servicing,Dealing with your lender or servicer,Problem with customer service,Web,2026-05-26,Untimely response,,No,,FL,32738
22594902,2026-05-26,"Nelnet, Inc.",Student loan,Federal student loan servicing,Dealing with your lender or servicer,Problem with customer service,Web,2026-05-26,Closed with explanation,,Yes,Older American,PA,190XX
22597239,2026-05-27,MOHELA,Student loan,Federal student loan servicing,Dealing with your lender or servicer,Received bad information about your loan,Web,2026-05-27,Untimely response,,No,,IN,46239
22597802,2026-05-27,MOHELA,Student loan,Federal student loan servicing,Dealing with your lender or servicer,Received bad information about your loan,Web,2026-05-27,Untimely response,,No,,NJ,082XX
22597873,2026-05-27,MOHELA,Student loan,Federal student loan servicing,Dealing with your lender or servicer,Need information about your loan balance or loan terms,Web,2026-05-27,Closed with explanation,Company believes it acted appropriately as authorized by contract or law,Yes,,MA,01720
22598352,2026-05-27,"Nelnet, Inc.",Student loan,Federal student loan servicing,Dealing with your lender or servicer,Trouble with how payments are being handled,Web,2026-05-27,Closed with explanation,,Yes,,NY,10029
22599753,2026-05-27,HEARTLAND PAYMENT SYSTEMS INC,Student loan,Private student loan,Dealing with your lender or servicer,Trouble with how payments are being handled,Web,2026-05-27,Closed with explanation,,No,,MA,02467
22609717,2026-05-27,MOHELA,Student loan,Federal student loan servicing,Dealing with your lender or servicer,Received bad information about your loan,Web,2026-05-27,Untimely response,,No,,OH,44708
22610806,2026-05-27,MOHELA,Student loan,Federal student loan servicing,Dealing with your lender or servicer,Trouble with how payments are being handled,Web,2026-05-27,Untimely response,,No,,MD,21217
22612475,2026-05-27,"Maximus Federal Services, Inc.",Student loan,Federal student loan servicing,Dealing with your lender or servicer,Received bad information about your loan,Web,2026-05-27,Closed with explanation,,Yes,,IL,60612
22617419,2026-05-27,MOHELA,Student loan,Federal student loan servicing,Dealing with your lender or servicer,Trouble with how payments are being handled,Web,2026-05-27,Untimely response,,No,,NJ,074XX
22622508,2026-05-27,MOHELA,Student loan,Federal student loan servicing,Dealing with your lender or servicer,Trouble with how payments are being handled,Web,2026-05-27,Untimely response,,No,,OH,45236
22625782,2026-05-27,"Maximus Federal Services, Inc.",Student loan,Federal student loan servicing,Dealing with your lender or servicer,Trouble with how payments are being handled,Web,2026-05-27,Closed with explanation,,Yes,,GA,300XX
22625997,2026-05-27,MOHELA,Student loan,Federal student loan servicing,Dealing with your lender or servicer,Problem with customer service,Web,2026-05-27,Untimely response,,No,,CA,91360
22626063,2026-05-27,MOHELA,Student loan,Federal student loan servicing,Dealing with your lender or servicer,Don't agree with the fees charged,Web,2026-05-27,Untimely response,,No,Servicemember,LA,71111
22629362,2026-05-27,MOHELA,Student loan,Private student loan,Dealing with your lender or servicer,Received bad information about your loan,Web,2026-05-27,Closed with explanation,Company believes it acted appropriately as authorized by contract or law,Yes,,TX,770XX
22631865,2026-05-27,Earnest Inc.,Student loan,Private student loan,Dealing with your lender or servicer,Trouble with how payments are being handled,Web,2026-05-27,Closed with explanation,,Yes,,NY,10075
22632390,2026-05-27,"Maximus Federal Services, Inc.",Student loan,Federal student loan servicing,Dealing with your lender or servicer,Trouble with how payments are being handled,Web,2026-05-27,Closed with explanation,,Yes,,SC,29445
22637811,2026-05-27,MOHELA,Student loan,Federal student loan servicing,Dealing with your lender or servicer,Received bad information about your loan,Web,2026-06-10,Untimely response,,No,,IA,505XX
22638262,2026-05-27,MOHELA,Student loan,Federal student loan servicing,Dealing with your lender or servicer,Received bad information about your loan,Web,2026-05-27,Untimely response,,No,,CT,068XX
22638836,2026-05-27,"Nelnet, Inc.",Student loan,Federal student loan servicing,Dealing with your lender or servicer,Received bad information about your loan,Web,2026-05-27,Closed with explanation,,Yes,Servicemember,AR,721XX
22638871,2026-05-27,MOHELA,Student loan,Federal student loan servicing,Dealing with your lender or servicer,Problem with customer service,Web,2026-05-27,Closed with explanation,,Yes,,KY,42301
22639215,2026-05-27,Servicer under contract with Federal Student Aid,Student loan,Federal student loan servicing,Dealing with your lender or servicer,Trouble with how payments are being handled,Web,2026-05-27,Untimely response,,No,,PA,19148
22640386,2026-05-28,Servicer under contract with Federal Student Aid,Student loan,Federal student loan servicing,Dealing with your lender or servicer,Trouble with how payments are being handled,Web,2026-05-28,Untimely response,,No,,NY,117XX
22641530,2026-05-28,"Nelnet, Inc.",Student loan,Federal student loan servicing,Dealing with your lender or servicer,Trouble with how payments are being handled,Web,2026-06-10,Closed with explanation,,Yes,,FL,34221
22641584,2026-05-28,Central Research Inc,Student loan,Federal student loan servicing,Dealing with your lender or servicer,Received bad information about your loan,Web,2026-05-28,Closed with explanation,,Yes,,PA,19020
22642428,2026-05-28,EdFinancial Services,Student loan,Federal student loan servicing,Dealing with your lender or servicer,Received bad information about your loan,Web,2026-06-04,Closed with explanation,,Yes,,VT,050XX
22645264,2026-05-28,MOHELA,Student loan,Federal student loan servicing,Dealing with your lender or servicer,Trouble with how payments are being handled,Web,2026-05-28,Untimely response,,No,,IL,60515
22647170,2026-05-28,"Nelnet, Inc.",Student loan,Federal student loan servicing,Dealing with your lender or servicer,Received bad information about your loan,Web,2026-05-28,Closed with explanation,,Yes,,FL,338XX
22655014,2026-05-28,MOHELA,Student loan,Federal student loan servicing,Dealing with your lender or servicer,Need information about your loan balance or loan terms,Web,2026-05-28,Untimely response,,No,,PA,189XX
22655817,2026-05-28,MOHELA,Student loan,Federal student loan servicing,Dealing with your lender or servicer,Trouble with how payments are being handled,Web,2026-05-28,Untimely response,,No,,CO,80238
22656506,2026-05-28,MOHELA,Student loan,Federal student loan servicing,Dealing with your lender or servicer,Trouble with how payments are being handled,Web,2026-05-28,Untimely response,,No,,OH,44121
22656560,2026-05-28,"Nelnet, Inc.",Student loan,Federal student loan servicing,Dealing with your lender or servicer,Received bad information about your loan,Web,2026-05-28,Closed with explanation,,Yes,,NC,XXXXX
22658177,2026-05-28,MOHELA,Student loan,Federal student loan servicing,Dealing with your lender or servicer,Trouble with how payments are being handled,Web,2026-05-28,Closed with explanation,Company believes it acted appropriately as authorized by contract or law,Yes,,WA,985XX
22662131,2026-05-28,MOHELA,Student loan,Federal student loan servicing,Dealing with your lender or servicer,Trouble with how payments are being handled,Web,2026-05-28,Untimely response,,No,,IL,60302
22662537,2026-05-28,EdFinancial Services,Student loan,Federal student loan servicing,Dealing with your lender or servicer,Trouble with how payments are being handled,Web,2026-05-28,Closed with explanation,,Yes,,IL,60302
22664135,2026-05-28,Servicer under contract with Federal Student Aid,Student loan,Federal student loan servicing,Dealing with your lender or servicer,Received bad information about your loan,Web,2026-05-28,Untimely response,,No,,CA,95691
22664970,2026-05-28,"Maximus Federal Services, Inc.",Student loan,Private student loan,Dealing with your lender or servicer,Need information about your loan balance or loan terms,Web,2026-05-28,Closed with explanation,,Yes,Older American,CA,953XX
22666060,2026-05-28,"Maximus Federal Services, Inc.",Student loan,Federal student loan servicing,Dealing with your lender or servicer,Received bad information about your loan,Web,2026-05-28,Closed with explanation,,Yes,Servicemember,KY,411XX
22666629,2026-05-28,"Nelnet, Inc.",Student loan,Federal student loan servicing,Dealing with your lender or servicer,Received bad information about your loan,Web,2026-05-28,Closed with explanation,,Yes,,NY,11226
22672629,2026-05-28,MOHELA,Student loan,Private student loan,Dealing with your lender or servicer,Need information about your loan balance or loan terms,Web,2026-05-28,Closed with explanation,,Yes,,WI,53186
22673129,2026-05-28,"Maximus Federal Services, Inc.",Student loan,Federal student loan servicing,Dealing with your lender or servicer,Trouble with how payments are being handled,Web,2026-05-28,Closed with explanation,,Yes,,MD,206XX
22673436,2026-05-28,MOHELA,Student loan,Federal student loan servicing,Dealing with your lender or servicer,Received bad information about your loan,Web,2026-05-28,Untimely response,,No,,AZ,85027
22675465,2026-05-28,"Nelnet, Inc.",Student loan,Federal student loan servicing,Dealing with your lender or servicer,Received bad information about your loan,Web,2026-05-28,Closed with explanation,,Yes,,AL,35216
22675594,2026-05-28,MOHELA,Student loan,Federal student loan servicing,Dealing with your lender or servicer,Received bad information about your loan,Web,2026-05-28,Untimely response,,No,,WA,98178
22675970,2026-05-28,"Nelnet, Inc.",Student loan,Federal student loan servicing,Dealing with your lender or servicer,Received bad information about your loan,Web,2026-05-28,Closed with explanation,,Yes,,AZ,85027
22680345,2026-05-28,Servicer under contract with Federal Student Aid,Student loan,Federal student loan servicing,Dealing with your lender or servicer,Don't agree with the fees charged,Web,2026-05-28,Untimely response,,No,,AZ,85037
22683213,2026-05-29,MOHELA,Student loan,Federal student loan servicing,Dealing with your lender or servicer,Need information about your loan balance or loan terms,Web,2026-05-29,Untimely response,,No,,PA,16509
22685244,2026-05-29,MOHELA,Student loan,Federal student loan servicing,Dealing with your lender or servicer,Received bad information about your loan,Web,2026-05-29,Untimely response,,No,,TX,77433
22688413,2026-05-29,MOHELA,Student loan,Federal student loan servicing,Dealing with your lender or servicer,Trouble with how payments are being handled,Web,2026-05-29,Closed with explanation,Company believes it acted appropriately as authorized by contract or law,Yes,,ID,83440
22698359,2026-05-29,MOHELA,Student loan,Private student loan,Dealing with your lender or servicer,Keep getting calls about your loan,Web,2026-05-29,Closed with explanation,,Yes,,NY,125XX
22703428,2026-05-29,EdFinancial Services,Student loan,Federal student loan servicing,Dealing with your lender or servicer,Problem with customer service,Web,2026-05-29,Closed with explanation,,Yes,,MN,560XX
22705157,2026-05-29,MOHELA,Student loan,Federal student loan servicing,Dealing with your lender or servicer,Problem with customer service,Web,2026-05-29,Untimely response,,No,,NE,681XX
22705325,2026-05-29,SLM CORPORATION,Student loan,Private student loan,Dealing with your lender or servicer,Trouble with how payments are being handled,Web,2026-05-29,Closed with explanation,Company believes it acted appropriately as authorized by contract or law,Yes,,UT,84115
22705786,2026-05-29,"Nelnet, Inc.",Student loan,Federal student loan servicing,Dealing with your lender or servicer,Received bad information about your loan,Web,2026-05-29,Closed with explanation,,Yes,,WA,980XX
22710332,2026-05-29,MOHELA,Student loan,Federal student loan servicing,Dealing with your lender or servicer,Trouble with how payments are being handled,Web,2026-05-29,Untimely response,,No,,OH,43016
22713370,2026-05-29,MOHELA,Student loan,Federal student loan servicing,Dealing with your lender or servicer,Trouble with how payments are being handled,Web,2026-05-29,Untimely response,,No,,WI,530XX
22714780,2026-05-29,MOHELA,Student loan,Federal student loan servicing,Dealing with your lender or servicer,Trouble with how payments are being handled,Web,2026-05-29,Untimely response,,No,,MI,483XX
22728256,2026-05-30,Servicer under contract with Federal Student Aid,Student loan,Federal student loan servicing,Dealing with your lender or servicer,Received bad information about your loan,Web,2026-06-11,Untimely response,,No,,NC,28027
22749206,2026-05-31,Central Research Inc,Student loan,Federal student loan servicing,Dealing with your lender or servicer,Received bad information about your loan,Web,2026-05-31,Closed with explanation,,Yes,,MD,20748
22749972,2026-05-31,MOHELA,Student loan,Federal student loan servicing,Dealing with your lender or servicer,Trouble with how payments are being handled,Web,2026-05-31,Closed with explanation,,Yes,,CA,932XX
22753783,2026-06-01,"Nelnet, Inc.",Student loan,Federal student loan servicing,Dealing with your lender or servicer,Received bad information about your loan,Web,2026-06-01,Closed with explanation,,Yes,,SC,29607
22755835,2026-06-01,MOHELA,Student loan,Federal student loan servicing,Dealing with your lender or servicer,Trouble with how payments are being handled,Web,2026-06-01,Untimely response,,No,,CA,92804
22756867,2026-06-01,"Reliant Capital Solutions, LLC",Student loan,Federal student loan servicing,Dealing with your lender or servicer,Don't agree with the fees charged,Web,2026-06-01,Closed with explanation,,Yes,,NY,117XX
22761440,2026-06-01,Servicer under contract with Federal Student Aid,Student loan,Federal student loan servicing,Dealing with your lender or servicer,Received bad information about your loan,Web,2026-06-01,Untimely response,,No,,MD,20743
22762912,2026-06-01,"Nelnet, Inc.",Student loan,Federal student loan servicing,Dealing with your lender or servicer,Received bad information about your loan,Web,2026-06-01,Closed with explanation,,Yes,,MI,48371
22763635,2026-06-01,MOHELA,Student loan,Federal student loan servicing,Dealing with your lender or servicer,Received bad information about your loan,Web,2026-06-01,Untimely response,,No,,PA,17603
22764520,2026-06-01,MOHELA,Student loan,Federal student loan servicing,Dealing with your lender or servicer,Received bad information about your loan,Web,2026-06-01,Closed with explanation,Company believes it acted appropriately as authorized by contract or law,Yes,,NJ,070XX
22770689,2026-06-01,MOHELA,Student loan,Federal student loan servicing,Dealing with your lender or servicer,Trouble with how payments are being handled,Web,2026-06-01,Untimely response,,No,Older American,MD,21236
22771520,2026-06-01,MOHELA,Student loan,Federal student loan servicing,Dealing with your lender or servicer,Problem with customer service,Web,2026-06-01,Untimely response,,No,Servicemember,FL,32570
22771654,2026-06-01,"Nelnet, Inc.",Student loan,Federal student loan servicing,Dealing with your lender or servicer,Received bad information about your loan,Web,2026-06-01,Closed with explanation,,Yes,,CA,930XX
22773208,2026-06-01,SLM CORPORATION,Student loan,Private student loan,Dealing with your lender or servicer,Need information about your loan balance or loan terms,Web,2026-06-01,Closed with explanation,Company believes it acted appropriately as authorized by contract or law,Yes,,AL,35613
22773865,2026-06-01,"Maximus Federal Services, Inc.",Student loan,Federal student loan servicing,Dealing with your lender or servicer,Problem with customer service,Web,2026-06-01,Closed with explanation,,Yes,,PA,190XX
22775747,2026-06-01,MOHELA,Student loan,Federal student loan servicing,Dealing with your lender or servicer,Trouble with how payments are being handled,Web,2026-06-01,Untimely response,,No,,CO,80004
22776906,2026-06-01,"Nelnet, Inc.",Student loan,Federal student loan servicing,Dealing with your lender or servicer,Problem with customer service,Web,2026-06-01,Closed with explanation,,Yes,,PA,19027
22780020,2026-06-01,SLM CORPORATION,Student loan,Private student loan,Dealing with your lender or servicer,Received bad information about your loan,Web,2026-06-01,Closed with explanation,Company believes it acted appropriately as authorized by contract or law,Yes,,TX,77511
22780591,2026-06-01,MOHELA,Student loan,Federal student loan servicing,Dealing with your lender or servicer,Trouble with how payments are being handled,Web,2026-06-01,Untimely response,,No,,NY,10021
22781007,2026-06-01,"Maximus Federal Services, Inc.",Student loan,Federal student loan servicing,Dealing with your lender or servicer,Problem with customer service,Web,2026-06-01,Closed with explanation,,Yes,,CA,95670
22784119,2026-06-01,MOHELA,Student loan,Federal student loan servicing,Dealing with your lender or servicer,Problem with customer service,Web,2026-06-01,Untimely response,,No,,CA,94598
22790905,2026-06-02,MOHELA,Student loan,Federal student loan servicing,Dealing with your lender or servicer,Trouble with how payments are being handled,Web,2026-06-02,Untimely response,,No,,IN,46032
22795148,2026-06-02,MOHELA,Student loan,Federal student loan servicing,Dealing with your lender or servicer,Received bad information about your loan,Web,2026-06-02,Untimely response,,No,,TX,77433
22803084,2026-06-02,"Nelnet, Inc.",Student loan,Federal student loan servicing,Dealing with your lender or servicer,Don't agree with the fees charged,Web,2026-06-02,Closed with explanation,,Yes,,PA,17356
22807241,2026-06-02,EdFinancial Services,Student loan,Federal student loan servicing,Dealing with your lender or servicer,Received bad information about your loan,Web,2026-06-02,Closed with explanation,,Yes,,TX,76209
22807852,2026-06-02,"College Ave Student Loan Servicing, LLC",Student loan,Private student loan,Dealing with your lender or servicer,Trouble with how payments are being handled,Web,2026-06-02,Closed with explanation,,Yes,Servicemember,NC,27909
22809871,2026-06-02,Climb Credit Inc.,Student loan,Private student loan,Dealing with your lender or servicer,Received bad information about your loan,Web,2026-06-02,Closed with explanation,,Yes,,NY,11207
22810082,2026-06-02,MOHELA,Student loan,Federal student loan servicing,Dealing with your lender or servicer,Received bad information about your loan,Web,2026-06-02,Untimely response,,No,,TX,78653
22811149,2026-06-02,MOHELA,Student loan,Private student loan,Dealing with your lender or servicer,Need information about your loan balance or loan terms,Web,2026-06-02,Closed with explanation,,Yes,,MD,21075
22811154,2026-06-02,MOHELA,Student loan,Federal student loan servicing,Dealing with your lender or servicer,Problem with customer service,Web,2026-06-02,Closed with explanation,Company believes it acted appropriately as authorized by contract or law,Yes,,UT,84124
22811646,2026-06-02,"Nelnet, Inc.",Student loan,Federal student loan servicing,Dealing with your lender or servicer,Received bad information about your loan,Web,2026-06-02,Closed with explanation,,Yes,,NY,11710
22811748,2026-06-02,"Nelnet, Inc.",Student loan,Federal student loan servicing,Dealing with your lender or servicer,Need information about your loan balance or loan terms,Web,2026-06-02,Closed with explanation,,Yes,,OK,741XX
22812014,2026-06-02,MOHELA,Student loan,Federal student loan servicing,Dealing with your lender or servicer,Received bad information about your loan,Web,2026-06-02,Closed with explanation,Company believes it acted appropriately as authorized by contract or law,Yes,,SC,29412
22812663,2026-06-02,MOHELA,Student loan,Federal student loan servicing,Dealing with your lender or servicer,Problem with customer service,Web,2026-06-02,Closed with explanation,,Yes,,OH,44134
22816866,2026-06-02,"Nelnet, Inc.",Student loan,Federal student loan servicing,Dealing with your lender or servicer,Received bad information about your loan,Web,2026-06-02,Closed with explanation,,Yes,,NM,87120
22817555,2026-06-02,"Maximus Federal Services, Inc.",Student loan,Federal student loan servicing,Dealing with your lender or servicer,Trouble with how payments are being handled,Web,2026-06-02,Closed with explanation,,Yes,,FL,338XX
22818639,2026-06-02,"Nelnet, Inc.",Student loan,Federal student loan servicing,Dealing with your lender or servicer,Received bad information about your loan,Web,2026-06-02,Closed with explanation,,Yes,,FL,33321
22828383,2026-06-02,Servicer under contract with Federal Student Aid,Student loan,Federal student loan servicing,Dealing with your lender or servicer,Problem with customer service,Web,2026-06-11,Untimely response,,No,,CO,802XX
22844511,2026-06-03,Servicer under contract with Federal Student Aid,Student loan,Federal student loan servicing,Dealing with your lender or servicer,Received bad information about your loan,Web,2026-06-03,Untimely response,,No,,AZ,86401
22846670,2026-06-03,MOHELA,Student loan,Private student loan,Dealing with your lender or servicer,Need information about your loan balance or loan terms,Web,2026-06-03,Untimely response,,No,Older American,WA,98203
22846763,2026-06-03,MOHELA,Student loan,Federal student loan servicing,Dealing with your lender or servicer,Need information about your loan balance or loan terms,Web,2026-06-03,Untimely response,,No,,NC,27858
22847852,2026-06-03,"Maximus Federal Services, Inc.",Student loan,Federal student loan servicing,Dealing with your lender or servicer,Trouble with how payments are being handled,Web,2026-06-03,Closed with explanation,,Yes,,AL,36695
22858248,2026-06-03,MOHELA,Student loan,Federal student loan servicing,Dealing with your lender or servicer,Keep getting calls about your loan,Web,2026-06-30,Untimely response,,No,,WV,25801
22902219,2026-06-04,SLM CORPORATION,Student loan,Private student loan,Dealing with your lender or servicer,Received bad information about your loan,Web,2026-06-11,Closed with explanation,Company believes it acted appropriately as authorized by contract or law,Yes,,GA,30066
22958398,2026-06-06,MOHELA,Student loan,Federal student loan servicing,Dealing with your lender or servicer,Need information about your loan balance or loan terms,Web,2026-07-07,Closed with explanation,Company believes it acted appropriately as authorized by contract or law,Yes,,CA,XXXXX
22962608,2026-06-06,"Nelnet, Inc.",Student loan,Federal student loan servicing,Dealing with your lender or servicer,Trouble with how payments are being handled,Web,2026-06-06,Closed with explanation,,Yes,,OR,97322
22962835,2026-06-06,MOHELA,Student loan,Federal student loan servicing,Dealing with your lender or servicer,Need information about your loan balance or loan terms,Web,2026-06-06,Untimely response,,No,,CA,92040
22965014,2026-06-06,"Nelnet, Inc.",Student loan,Federal student loan servicing,Dealing with your lender or servicer,Keep getting calls about your loan,Web,2026-06-06,Closed with explanation,,Yes,Older American,VA,23451
22965678,2026-06-06,MOHELA,Student loan,Federal student loan servicing,Dealing with your lender or servicer,Trouble with how payments are being handled,Web,2026-06-06,Closed with explanation,,No,,NJ,08043
22966133,2026-06-06,MOHELA,Student loan,Federal student loan servicing,Dealing with your lender or servicer,Problem with customer service,Web,2026-06-06,Untimely response,,No,,AZ,85234
22966891,2026-06-06,Servicer under contract with Federal Student Aid,Student loan,Federal student loan servicing,Dealing with your lender or servicer,Received bad information about your loan,Web,2026-06-06,Untimely response,,No,Servicemember,NC,27610
22967401,2026-06-06,MOHELA,Student loan,Federal student loan servicing,Dealing with your lender or servicer,Don't agree with the fees charged,Web,2026-06-06,Untimely response,,No,,MA,01605
22972299,2026-06-07,MOHELA,Student loan,Federal student loan servicing,Dealing with your lender or servicer,Trouble with how payments are being handled,Web,2026-06-07,Untimely response,,No,,NJ,07052
22972646,2026-06-07,MOHELA,Student loan,Federal student loan servicing,Dealing with your lender or servicer,Received bad information about your loan,Web,2026-06-07,Untimely response,,No,,TN,381XX
22972660,2026-06-07,MOHELA,Student loan,Federal student loan servicing,Dealing with your lender or servicer,Need information about your loan balance or loan terms,Web,2026-06-07,Untimely response,,No,Servicemember,OK,730XX
22975519,2026-06-07,MOHELA,Student loan,Federal student loan servicing,Dealing with your lender or servicer,Received bad information about your loan,Web,2026-06-07,Untimely response,,No,,OH,43055
22975667,2026-06-07,MOHELA,Student loan,Federal student loan servicing,Dealing with your lender or servicer,Trouble with how payments are being handled,Web,2026-06-07,Untimely response,,No,,OR,97220
22975715,2026-06-07,MOHELA,Student loan,Federal student loan servicing,Dealing with your lender or servicer,Trouble with how payments are being handled,Web,2026-06-07,Closed with explanation,,Yes,Servicemember,OK,73034
22977307,2026-06-07,MOHELA,Student loan,Federal student loan servicing,Dealing with your lender or servicer,Trouble with how payments are being handled,Web,2026-06-08,Closed with explanation,Company believes it acted appropriately as authorized by contract or law,Yes,,NC,28273
22985576,2026-06-08,MOHELA,Student loan,Federal student loan servicing,Dealing with your lender or servicer,Trouble with how payments are being handled,Web,2026-06-08,Untimely response,,No,,GA,30132
22988860,2026-06-08,MOHELA,Student loan,Federal student loan servicing,Dealing with your lender or servicer,Trouble with how payments are being handled,Web,2026-06-30,Closed with explanation,,Yes,,NY,11238
22989091,2026-06-08,MOHELA,Student loan,Federal student loan servicing,Dealing with your lender or servicer,Trouble with how payments are being handled,Web,2026-06-08,Untimely response,,No,,ID,83714
22990567,2026-06-08,MOHELA,Student loan,Federal student loan servicing,Dealing with your lender or servicer,Need information about your loan balance or loan terms,Web,2026-06-08,Untimely response,,No,,VA,22030
22994389,2026-06-08,"Navient Solutions, LLC.",Student loan,Federal student loan servicing,Dealing with your lender or servicer,Received bad information about your loan,Web,2026-06-08,Closed with explanation,,Yes,Older American,NV,89031
22995525,2026-06-08,"Maximus Federal Services, Inc.",Student loan,Federal student loan servicing,Dealing with your lender or servicer,Received bad information about your loan,Web,2026-06-08,Closed with explanation,,Yes,,CA,95747
23002616,2026-06-08,Servicer under contract with Federal Student Aid,Student loan,Federal student loan servicing,Dealing with your lender or servicer,Trouble with how payments are being handled,Web,2026-06-08,Untimely response,,No,,FL,34110
23006857,2026-06-08,"CITIZENS FINANCIAL GROUP, INC.",Student loan,Private student loan,Dealing with your lender or servicer,Trouble with how payments are being handled,Web,2026-06-08,Closed with explanation,,Yes,,NJ,08002
23012596,2026-06-09,MOHELA,Student loan,Federal student loan servicing,Dealing with your lender or servicer,Received bad information about your loan,Web,2026-06-09,Untimely response,,No,,CA,92880
23012811,2026-06-09,MOHELA,Student loan,Federal student loan servicing,Dealing with your lender or servicer,Received bad information about your loan,Web,2026-06-09,Closed with explanation,,Yes,,AZ,85042
23012972,2026-06-09,"Maximus Federal Services, Inc.",Student loan,Federal student loan servicing,Dealing with your lender or servicer,Trouble with how payments are being handled,Web,2026-06-09,Closed with explanation,,Yes,,PA,19131
23014486,2026-06-09,MOHELA,Student loan,Private student loan,Dealing with your lender or servicer,Problem with customer service,Web,2026-06-09,Closed with explanation,,Yes,Servicemember,MD,21061
23017559,2026-06-09,"Maximus Federal Services, Inc.",Student loan,Federal student loan servicing,Dealing with your lender or servicer,Received bad information about your loan,Web,2026-06-09,Closed with explanation,,Yes,,AZ,85379
23023632,2026-06-09,Central Research Inc,Student loan,Federal student loan servicing,Dealing with your lender or servicer,Received bad information about your loan,Web,2026-06-09,Closed with explanation,,Yes,,NY,138XX
23026526,2026-06-09,MOHELA,Student loan,Federal student loan servicing,Dealing with your lender or servicer,Trouble with how payments are being handled,Web,2026-06-09,Closed with explanation,Company believes it acted appropriately as authorized by contract or law,Yes,,MO,63123
23026852,2026-06-09,EdFinancial Services,Student loan,Federal student loan servicing,Dealing with your lender or servicer,Received bad information about your loan,Web,2026-06-09,Closed with explanation,,Yes,Servicemember,FL,33013
23026895,2026-06-09,MOHELA,Student loan,Federal student loan servicing,Dealing with your lender or servicer,Received bad information about your loan,Web,2026-06-09,Untimely response,,No,,IL,60611
23031802,2026-06-09,EdFinancial Services,Student loan,Federal student loan servicing,Dealing with your lender or servicer,Received bad information about your loan,Web,2026-06-09,Closed with explanation,,Yes,,MO,65201
23033467,2026-06-09,Central Research Inc,Student loan,Federal student loan servicing,Dealing with your lender or servicer,Received bad information about your loan,Web,2026-07-08,Closed with explanation,,Yes,,IL,61401
23035255,2026-06-09,"Maximus Federal Services, Inc.",Student loan,Federal student loan servicing,Dealing with your lender or servicer,Problem with customer service,Web,2026-06-09,Closed with explanation,,Yes,,CT,067XX
23035980,2026-06-09,MOHELA,Student loan,Federal student loan servicing,Dealing with your lender or servicer,Trouble with how payments are being handled,Web,2026-06-09,Untimely response,,No,,OH,43202
23039577,2026-06-09,MOHELA,Student loan,Federal student loan servicing,Dealing with your lender or servicer,Received bad information about your loan,Web,2026-06-09,Untimely response,,No,,IA,50322
23039731,2026-06-09,"Maximus Federal Services, Inc.",Student loan,Federal student loan servicing,Dealing with your lender or servicer,Received bad information about your loan,Web,2026-06-09,Closed with explanation,,Yes,,VA,23453
23043472,2026-06-09,"Nelnet, Inc.",Student loan,Federal student loan servicing,Dealing with your lender or servicer,Received bad information about your loan,Web,2026-06-30,Closed with explanation,,Yes,,NY,10460
23043476,2026-06-09,Servicer under contract with Federal Student Aid,Student loan,Federal student loan servicing,Dealing with your lender or servicer,Received bad information about your loan,Web,2026-06-09,Untimely response,,No,,NC,27616
23043515,2026-06-09,MOHELA,Student loan,Federal student loan servicing,Dealing with your lender or servicer,Need information about your loan balance or loan terms,Web,2026-06-09,Closed with explanation,,Yes,,MO,652XX
23044834,2026-06-09,MOHELA,Student loan,Federal student loan servicing,Dealing with your lender or servicer,Received bad information about your loan,Web,2026-06-09,Untimely response,,No,,MI,493XX
23047558,2026-06-09,MOHELA,Student loan,Federal student loan servicing,Dealing with your lender or servicer,Need information about your loan balance or loan terms,Web,2026-06-09,Untimely response,,No,Servicemember,HI,96818
23049027,2026-06-09,MOHELA,Student loan,Federal student loan servicing,Dealing with your lender or servicer,Need information about your loan balance or loan terms,Web,2026-06-09,Untimely response,,No,,OH,43606
23049069,2026-06-09,MOHELA,Student loan,Federal student loan servicing,Dealing with your lender or servicer,Trouble with how payments are being handled,Web,2026-06-09,Untimely response,,No,,VA,22042
23050349,2026-06-09,EdFinancial Services,Student loan,Federal student loan servicing,Dealing with your lender or servicer,Received bad information about your loan,Web,2026-06-09,Closed with explanation,,Yes,,KY,42420
23051801,2026-06-09,EdFinancial Services,Student loan,Federal student loan servicing,Dealing with your lender or servicer,Received bad information about your loan,Web,2026-06-09,Closed with explanation,,Yes,,TX,750XX
23053035,2026-06-09,MOHELA,Student loan,Federal student loan servicing,Dealing with your lender or servicer,Trouble with how payments are being handled,Web,2026-06-09,Untimely response,,No,,VA,22406
23053546,2026-06-09,Servicer under contract with Federal Student Aid,Student loan,Federal student loan servicing,Dealing with your lender or servicer,Received bad information about your loan,Web,2026-06-10,Untimely response,,No,,VA,22406
23056155,2026-06-09,"Goal Structured Solutions, LLC",Student loan,Private student loan,Dealing with your lender or servicer,Trouble with how payments are being handled,Web,2026-06-10,Closed with explanation,,Yes,,WA,98391
23058735,2026-06-10,"Nelnet, Inc.",Student loan,Federal student loan servicing,Dealing with your lender or servicer,Trouble with how payments are being handled,Web,2026-06-10,Closed with explanation,,Yes,,CA,94577
23058760,2026-06-10,MOHELA,Student loan,Federal student loan servicing,Dealing with your lender or servicer,Received bad information about your loan,Web,2026-06-10,Closed with explanation,,Yes,,NC,272XX
23061786,2026-06-10,Central Research Inc,Student loan,Federal student loan servicing,Dealing with your lender or servicer,Received bad information about your loan,Web,2026-06-10,Closed with explanation,,Yes,,CA,92111
23069566,2026-06-10,Atlantic Recovery Solutions LLC,Student loan,Private student loan,Dealing with your lender or servicer,Trouble with how payments are being handled,Web,2026-06-10,Untimely response,,No,,NC,280XX
23070639,2026-06-10,Servicer under contract with Federal Student Aid,Student loan,Federal student loan servicing,Dealing with your lender or servicer,Received bad information about your loan,Web,2026-06-10,Untimely response,,No,,FL,32955
23078309,2026-06-10,MOHELA,Student loan,Federal student loan servicing,Dealing with your lender or servicer,Don't agree with the fees charged,Web,2026-06-10,Untimely response,,No,,CO,80249
23084095,2026-06-10,MOHELA,Student loan,Federal student loan servicing,Dealing with your lender or servicer,Trouble with how payments are being handled,Web,2026-06-10,Untimely response,,No,,MO,630XX
23086399,2026-06-10,HEARTLAND PAYMENT SYSTEMS INC,Student loan,Private student loan,Dealing with your lender or servicer,Trouble with how payments are being handled,Web,2026-06-10,Closed with explanation,,Yes,,FL,33179
23087925,2026-06-10,MOHELA,Student loan,Private student loan,Dealing with your lender or servicer,Keep getting calls about your loan,Web,2026-06-10,Closed with explanation,,Yes,,SC,XXXXX
23088471,2026-06-10,"Maximus Federal Services, Inc.",Student loan,Federal student loan servicing,Dealing with your lender or servicer,Received bad information about your loan,Web,2026-06-10,Closed with explanation,,Yes,Servicemember,WA,98118
23089877,2026-06-10,"Maximus Federal Services, Inc.",Student loan,Federal student loan servicing,Dealing with your lender or servicer,Received bad information about your loan,Web,2026-06-10,Closed with explanation,,Yes,,CA,923XX
23093129,2026-06-10,MOHELA,Student loan,Federal student loan servicing,Dealing with your lender or servicer,Problem with customer service,Web,2026-06-10,Untimely response,,No,,WA,990XX
23093869,2026-06-10,MOHELA,Student loan,Federal student loan servicing,Dealing with your lender or servicer,Received bad information about your loan,Web,2026-06-10,Untimely response,,No,,PA,19116
23093941,2026-06-10,Servicer under contract with Federal Student Aid,Student loan,Federal student loan servicing,Dealing with your lender or servicer,Received bad information about your loan,Web,2026-06-10,Untimely response,,No,,FL,333XX
23094532,2026-06-10,MOHELA,Student loan,Private student loan,Dealing with your lender or servicer,Received bad information about your loan,Web,2026-06-10,Closed with explanation,,Yes,,VA,23237
23095883,2026-06-10,"Nelnet, Inc.",Student loan,Federal student loan servicing,Dealing with your lender or servicer,Trouble with how payments are being handled,Web,2026-06-11,Closed with explanation,,Yes,,CA,91762
23096165,2026-06-11,MOHELA,Student loan,Federal student loan servicing,Dealing with your lender or servicer,Problem with customer service,Web,2026-06-11,Untimely response,,No,,NJ,08080
23097193,2026-06-11,"Nelnet, Inc.",Student loan,Federal student loan servicing,Dealing with your lender or servicer,Received bad information about your loan,Web,2026-06-11,Closed with explanation,,Yes,,MO,641XX
23098067,2026-06-11,"Maximus Federal Services, Inc.",Student loan,Federal student loan servicing,Dealing with your lender or servicer,Trouble with how payments are being handled,Web,2026-06-11,Closed with explanation,,Yes,,NJ,07094
23103683,2026-06-11,Central Research Inc,Student loan,Federal student loan servicing,Dealing with your lender or servicer,Received bad information about your loan,Web,2026-06-11,Closed with explanation,,Yes,,CA,92111
23108676,2026-06-11,MOHELA,Student loan,Federal student loan servicing,Dealing with your lender or servicer,Trouble with how payments are being handled,Web,2026-06-11,Untimely response,,No,,IN,460XX
23109830,2026-06-11,MOHELA,Student loan,Federal student loan servicing,Dealing with your lender or servicer,Received bad information about your loan,Web,2026-06-11,Untimely response,,No,,VA,24151
23112234,2026-06-11,MOHELA,Student loan,Federal student loan servicing,Dealing with your lender or servicer,Trouble with how payments are being handled,Web,2026-06-22,Untimely response,,No,,OH,44266
23112737,2026-06-11,MOHELA,Student loan,Federal student loan servicing,Dealing with your lender or servicer,Trouble with how payments are being handled,Web,2026-06-11,Untimely response,,No,,OH,44266
23113560,2026-06-11,"Navient Solutions, LLC.",Student loan,Private student loan,Dealing with your lender or servicer,Need information about your loan balance or loan terms,Web,2026-06-11,Closed with explanation,,Yes,,NV,89122
23114647,2026-06-11,MOHELA,Student loan,Federal student loan servicing,Dealing with your lender or servicer,Trouble with how payments are being handled,Web,2026-06-11,Untimely response,,No,,ID,83301
23116119,2026-06-11,MOHELA,Student loan,Private student loan,Dealing with your lender or servicer,Received bad information about your loan,Web,2026-06-30,Closed with explanation,,Yes,,TX,787XX
23116581,2026-06-11,MOHELA,Student loan,Federal student loan servicing,Dealing with your lender or servicer,Trouble with how payments are being handled,Web,2026-06-11,Untimely response,,No,Servicemember,GA,30248
23117952,2026-06-11,Central Portfolio Control Inc.,Student loan,Private student loan,Dealing with your lender or servicer,Trouble with how payments are being handled,Web,2026-06-11,Closed with explanation,,Yes,Servicemember,TN,37221
23118727,2026-06-11,"Nelnet, Inc.",Student loan,Federal student loan servicing,Dealing with your lender or servicer,Trouble with how payments are being handled,Web,2026-06-11,Closed with explanation,,Yes,,AZ,850XX
23120092,2026-06-11,Central Research Inc,Student loan,Federal student loan servicing,Dealing with your lender or servicer,Received bad information about your loan,Web,2026-06-11,Closed with explanation,,Yes,,CA,92111
23122332,2026-06-11,"Maximus Federal Services, Inc.",Student loan,Federal student loan servicing,Dealing with your lender or servicer,Received bad information about your loan,Web,2026-06-11,Closed with explanation,,Yes,,TX,75098
23125170,2026-06-11,MOHELA,Student loan,Federal student loan servicing,Dealing with your lender or servicer,Need information about your loan balance or loan terms,Web,2026-06-11,Untimely response,,No,,OH,43214
23127527,2026-06-11,"Maximus Federal Services, Inc.",Student loan,Federal student loan servicing,Dealing with your lender or servicer,Problem with customer service,Web,2026-06-11,Closed with explanation,,Yes,Servicemember,TX,782XX
23129227,2026-06-11,"Maximus Federal Services, Inc.",Student loan,Federal student loan servicing,Dealing with your lender or servicer,Received bad information about your loan,Web,2026-06-11,Closed with explanation,,Yes,,OH,43081
23133258,2026-06-11,"Nelnet, Inc.",Student loan,Federal student loan servicing,Dealing with your lender or servicer,Received bad information about your loan,Web,2026-06-11,Closed with explanation,,Yes,,CA,90065
23133844,2026-06-11,"ClearBalance Holdings, LLC",Student loan,Federal student loan servicing,Dealing with your lender or servicer,Don't agree with the fees charged,Web,2026-06-11,Untimely response,,No,,TX,76053
23135272,2026-06-11,EdFinancial Services,Student loan,Federal student loan servicing,Dealing with your lender or servicer,Problem with customer service,Web,2026-06-11,Closed with explanation,,Yes,,IA,52404
23137940,2026-06-12,Meritize Financial Inc.,Student loan,Private student loan,Dealing with your lender or servicer,Trouble with how payments are being handled,Web,2026-06-12,Closed with explanation,,No,,NJ,08054
23141551,2026-06-12,MOHELA,Student loan,Private student loan,Dealing with your lender or servicer,Received bad information about your loan,Web,2026-06-12,Closed with explanation,,Yes,,OR,97005
23143344,2026-06-12,MOHELA,Student loan,Federal student loan servicing,Dealing with your lender or servicer,Trouble with how payments are being handled,Web,2026-06-12,Untimely response,,No,,FL,33071
23143546,2026-06-12,MOHELA,Student loan,Federal student loan servicing,Dealing with your lender or servicer,Trouble with how payments are being handled,Web,2026-06-12,Untimely response,,No,,MN,559XX
23150716,2026-06-12,Central Research Inc,Student loan,Federal student loan servicing,Dealing with your lender or servicer,Trouble with how payments are being handled,Web,2026-06-12,Closed with explanation,,Yes,,NJ,081XX
23151246,2026-06-12,MOHELA,Student loan,Federal student loan servicing,Dealing with your lender or servicer,Trouble with how payments are being handled,Web,2026-06-12,Untimely response,,No,,UT,84107
23152589,2026-06-12,MOHELA,Student loan,Federal student loan servicing,Dealing with your lender or servicer,Received bad information about your loan,Web,2026-06-15,Closed with explanation,,Yes,,TX,77583
23152946,2026-06-12,MOHELA,Student loan,Federal student loan servicing,Dealing with your lender or servicer,Received bad information about your loan,Web,2026-06-12,Untimely response,,No,Servicemember,TX,77583
23153616,2026-06-12,MOHELA,Student loan,Federal student loan servicing,Dealing with your lender or servicer,Problem with customer service,Web,2026-06-12,Untimely response,,No,,PA,15213
23155114,2026-06-12,Climb Credit Inc.,Student loan,Private student loan,Dealing with your lender or servicer,Trouble with how payments are being handled,Web,2026-06-12,Closed with explanation,,Yes,,VA,23693
23156748,2026-06-12,Servicer under contract with Federal Student Aid,Student loan,Federal student loan servicing,Dealing with your lender or servicer,Trouble with how payments are being handled,Web,2026-06-12,Untimely response,,No,,DC,20002
23156982,2026-06-12,Servicer under contract with Federal Student Aid,Student loan,Federal student loan servicing,Dealing with your lender or servicer,Trouble with how payments are being handled,Web,2026-06-12,Untimely response,,No,,OH,45458
23159532,2026-06-12,"Nelnet, Inc.",Student loan,Federal student loan servicing,Dealing with your lender or servicer,Need information about your loan balance or loan terms,Web,2026-06-12,Closed with explanation,,Yes,,MI,490XX
23160602,2026-06-12,"Maximus Federal Services, Inc.",Student loan,Federal student loan servicing,Dealing with your lender or servicer,Received bad information about your loan,Web,2026-06-15,Closed with explanation,,Yes,,GA,30135
23161870,2026-06-12,"SOFI TECHNOLOGIES, INC.",Student loan,Private student loan,Dealing with your lender or servicer,Trouble with how payments are being handled,Web,2026-06-12,Closed with monetary relief,,Yes,,NY,117XX
23163879,2026-06-12,MOHELA,Student loan,Federal student loan servicing,Dealing with your lender or servicer,Received bad information about your loan,Web,2026-06-12,Untimely response,,No,,NY,11222
23165831,2026-06-12,KEYCORP,Student loan,Private student loan,Dealing with your lender or servicer,Received bad information about your loan,Web,2026-06-12,Closed with explanation,,Yes,,MA,01610
23166562,2026-06-12,MOHELA,Student loan,Federal student loan servicing,Dealing with your lender or servicer,Received bad information about your loan,Web,2026-06-12,Untimely response,,No,,PA,19002
23168453,2026-06-12,"Navient Solutions, LLC.",Student loan,Federal student loan servicing,Dealing with your lender or servicer,Received bad information about your loan,Web,2026-06-12,Closed with explanation,,Yes,,CA,93446
23171445,2026-06-12,MOHELA,Student loan,Federal student loan servicing,Dealing with your lender or servicer,Received bad information about your loan,Web,2026-06-12,Closed with explanation,Company believes it acted appropriately as authorized by contract or law,No,,NM,87114
23196206,2026-06-14,MOHELA,Student loan,Federal student loan servicing,Dealing with your lender or servicer,Problem with customer service,Web,2026-06-14,Untimely response,,No,,AZ,85041
23200482,2026-06-14,Servicer under contract with Federal Student Aid,Student loan,Federal student loan servicing,Dealing with your lender or servicer,Received bad information about your loan,Web,2026-06-14,Untimely response,,No,,IL,60609
23201149,2026-06-14,MOHELA,Student loan,Federal student loan servicing,Dealing with your lender or servicer,Trouble with how payments are being handled,Web,2026-06-14,Untimely response,,No,,FL,33065
23201519,2026-06-14,EdFinancial Services,Student loan,Federal student loan servicing,Dealing with your lender or servicer,Need information about your loan balance or loan terms,Web,2026-06-14,Closed with explanation,,Yes,,NC,28173
23201720,2026-06-14,"Navient Solutions, LLC.",Student loan,Federal student loan servicing,Dealing with your lender or servicer,Received bad information about your loan,Web,2026-06-14,Closed with explanation,,Yes,Servicemember,AZ,85212
23202669,2026-06-14,"Nelnet, Inc.",Student loan,Private student loan,Dealing with your lender or servicer,Received bad information about your loan,Web,2026-06-14,Closed with explanation,,Yes,,MI,48091
23204546,2026-06-15,MOHELA,Student loan,Federal student loan servicing,Dealing with your lender or servicer,Received bad information about your loan,Web,2026-06-15,Untimely response,,No,Servicemember,GA,31021
23205527,2026-06-15,MOHELA,Student loan,Private student loan,Dealing with your lender or servicer,Received bad information about your loan,Web,2026-06-15,Closed with explanation,,Yes,,TX,75234
23206736,2026-06-15,"Nelnet, Inc.",Student loan,Federal student loan servicing,Dealing with your lender or servicer,Trouble with how payments are being handled,Web,2026-06-15,Closed with explanation,,Yes,,OH,44145
23210673,2026-06-15,MOHELA,Student loan,Federal student loan servicing,Dealing with your lender or servicer,Received bad information about your loan,Web,2026-06-15,Closed with explanation,,Yes,,GA,30144
23212332,2026-06-15,"Nelnet, Inc.",Student loan,Federal student loan servicing,Dealing with your lender or servicer,Don't agree with the fees charged,Web,2026-06-15,Closed with explanation,,Yes,,RI,02908
23213898,2026-06-15,MOHELA,Student loan,Federal student loan servicing,Dealing with your lender or servicer,Trouble with how payments are being handled,Web,2026-06-15,Untimely response,,No,,NY,13820
23214776,2026-06-15,MOHELA,Student loan,Federal student loan servicing,Dealing with your lender or servicer,Trouble with how payments are being handled,Web,2026-06-15,Untimely response,,No,,CO,80134
23215741,2026-06-15,EdFinancial Services,Student loan,Federal student loan servicing,Dealing with your lender or servicer,Don't agree with the fees charged,Web,2026-06-15,Closed with explanation,,Yes,,TX,XXXXX
23216995,2026-06-15,MOHELA,Student loan,Federal student loan servicing,Dealing with your lender or servicer,Trouble with how payments are being handled,Web,2026-06-15,Untimely response,,No,,PA,17055
23218655,2026-06-15,Central Research Inc,Student loan,Federal student loan servicing,Dealing with your lender or servicer,Received bad information about your loan,Web,2026-06-15,Closed with explanation,,Yes,,CA,92111
23219128,2026-06-15,MOHELA,Student loan,Federal student loan servicing,Dealing with your lender or servicer,Trouble with how payments are being handled,Web,2026-06-15,Untimely response,,No,,WI,54301
23221693,2026-06-15,"Maximus Federal Services, Inc.",Student loan,Federal student loan servicing,Dealing with your lender or servicer,Problem with customer service,Web,2026-06-15,Closed with explanation,,Yes,,MA,02148
23222185,2026-06-15,MOHELA,Student loan,Private student loan,Dealing with your lender or servicer,Don't agree with the fees charged,Web,2026-06-15,Closed with explanation,,Yes,,IL,60451
23223829,2026-06-15,MOHELA,Student loan,Federal student loan servicing,Dealing with your lender or servicer,Problem with customer service,Web,2026-06-15,Untimely response,,No,,SC,29527
23227471,2026-06-15,MOHELA,Student loan,Federal student loan servicing,Dealing with your lender or servicer,Received bad information about your loan,Web,2026-06-15,Untimely response,,No,,WI,53005
23229176,2026-06-15,MOHELA,Student loan,Federal student loan servicing,Dealing with your lender or servicer,Received bad information about your loan,Web,2026-06-15,Untimely response,,No,,NY,130XX
23230482,2026-06-15,MOHELA,Student loan,Federal student loan servicing,Dealing with your lender or servicer,Trouble with how payments are being handled,Web,2026-06-15,Untimely response,,No,,KY,42718
23231119,2026-06-15,MOHELA,Student loan,Federal student loan servicing,Dealing with your lender or servicer,Received bad information about your loan,Web,2026-06-15,Closed with explanation,Company believes it acted appropriately as authorized by contract or law,Yes,,FL,34698
23237621,2026-06-15,MOHELA,Student loan,Federal student loan servicing,Dealing with your lender or servicer,Received bad information about your loan,Web,2026-06-30,Untimely response,,No,,MS,392XX
23244733,2026-06-16,"Nelnet, Inc.",Student loan,Federal student loan servicing,Dealing with your lender or servicer,Received bad information about your loan,Web,2026-06-16,Closed with explanation,,Yes,,NE,680XX
23249841,2026-06-16,"Maximus Federal Services, Inc.",Student loan,Federal student loan servicing,Dealing with your lender or servicer,Received bad information about your loan,Web,2026-06-16,Closed with explanation,,Yes,,CA,91605
23250810,2026-06-16,EdFinancial Services,Student loan,Federal student loan servicing,Dealing with your lender or servicer,Trouble with how payments are being handled,Web,2026-06-16,Closed with explanation,,Yes,,MI,497XX
23251279,2026-06-16,MOHELA,Student loan,Federal student loan servicing,Dealing with your lender or servicer,Received bad information about your loan,Web,2026-06-16,Closed with explanation,Company believes it acted appropriately as authorized by contract or law,Yes,,DE,197XX
23254134,2026-06-16,MOHELA,Student loan,Federal student loan servicing,Dealing with your lender or servicer,Problem with customer service,Web,2026-06-16,Untimely response,,No,,IL,60605
23255477,2026-06-16,MOHELA,Student loan,Federal student loan servicing,Dealing with your lender or servicer,Trouble with how payments are being handled,Web,2026-06-16,Closed with explanation,,No,,IL,60142
23255652,2026-06-16,"Nelnet, Inc.",Student loan,Private student loan,Dealing with your lender or servicer,Received bad information about your loan,Web,2026-06-16,Closed with explanation,,Yes,,GA,30340
23257422,2026-06-16,Climb Credit Inc.,Student loan,Private student loan,Dealing with your lender or servicer,Received bad information about your loan,Web,2026-06-16,Closed with explanation,,Yes,,NY,138XX
23257817,2026-06-16,MOHELA,Student loan,Private student loan,Dealing with your lender or servicer,Received bad information about your loan,Web,2026-06-16,Untimely response,,No,,WI,53029
23259758,2026-06-16,MOHELA,Student loan,Federal student loan servicing,Dealing with your lender or servicer,Trouble with how payments are being handled,Web,2026-06-16,Untimely response,,No,,PA,18052
23259961,2026-06-16,MOHELA,Student loan,Federal student loan servicing,Dealing with your lender or servicer,Received bad information about your loan,Web,2026-06-16,Untimely response,,No,,NY,11434
23261500,2026-06-16,AES/PHEAA,Student loan,Federal student loan servicing,Dealing with your lender or servicer,Received bad information about your loan,Web,2026-06-16,Closed with non-monetary relief,,Yes,,NV,894XX
23262454,2026-06-16,"Nelnet, Inc.",Student loan,Federal student loan servicing,Dealing with your lender or servicer,Received bad information about your loan,Web,2026-06-16,Closed with explanation,,Yes,Older American,MD,206XX
23263520,2026-06-16,"Nelnet, Inc.",Student loan,Federal student loan servicing,Dealing with your lender or servicer,Trouble with how payments are being handled,Web,2026-06-16,Closed with explanation,,Yes,,FL,328XX
23264346,2026-06-16,MOHELA,Student loan,Federal student loan servicing,Dealing with your lender or servicer,Trouble with how payments are being handled,Web,2026-06-16,Untimely response,,No,Older American,AL,35749
23264854,2026-06-16,"Maximus Federal Services, Inc.",Student loan,Federal student loan servicing,Dealing with your lender or servicer,Received bad information about your loan,Web,2026-06-16,Closed with explanation,,Yes,,FL,331XX
23265721,2026-06-16,MOHELA,Student loan,Federal student loan servicing,Dealing with your lender or servicer,Received bad information about your loan,Web,2026-06-16,Untimely response,,No,,VA,24019
23265936,2026-06-16,"Maximus Federal Services, Inc.",Student loan,Federal student loan servicing,Dealing with your lender or servicer,Trouble with how payments are being handled,Web,2026-06-16,Closed with explanation,,Yes,Older American,OH,456XX
23269669,2026-06-16,Central Research Inc,Student loan,Federal student loan servicing,Dealing with your lender or servicer,Trouble with how payments are being handled,Web,2026-07-08,Closed with explanation,,Yes,,CA,92115
23270474,2026-06-16,MOHELA,Student loan,Federal student loan servicing,Dealing with your lender or servicer,Received bad information about your loan,Web,2026-06-16,Closed with explanation,,Yes,,OK,XXXXX
23271233,2026-06-16,MOHELA,Student loan,Federal student loan servicing,Dealing with your lender or servicer,Don't agree with the fees charged,Web,2026-06-22,Closed with explanation,,Yes,Older American,CT,063XX
23271669,2026-06-16,"Navient Solutions, LLC.",Student loan,Private student loan,Dealing with your lender or servicer,Received bad information about your loan,Web,2026-06-16,Closed with explanation,,Yes,,CT,06051
23272566,2026-06-16,"Maximus Federal Services, Inc.",Student loan,Federal student loan servicing,Dealing with your lender or servicer,Received bad information about your loan,Web,2026-06-16,Closed with explanation,,Yes,,NY,14424
23272733,2026-06-16,MOHELA,Student loan,Federal student loan servicing,Dealing with your lender or servicer,Don't agree with the fees charged,Web,2026-06-16,Untimely response,,No,,NC,27612
23274086,2026-06-16,MOHELA,Student loan,Federal student loan servicing,Dealing with your lender or servicer,Don't agree with the fees charged,Web,2026-06-16,Untimely response,,No,Servicemember,FL,32701
23274817,2026-06-16,"Nelnet, Inc.",Student loan,Federal student loan servicing,Dealing with your lender or servicer,Received bad information about your loan,Web,2026-06-16,Closed with explanation,,Yes,,IL,60110
23277800,2026-06-16,"Nelnet, Inc.",Student loan,Federal student loan servicing,Dealing with your lender or servicer,Received bad information about your loan,Web,2026-06-16,Closed with explanation,,Yes,,LA,70117
23278320,2026-06-16,MOHELA,Student loan,Federal student loan servicing,Dealing with your lender or servicer,Received bad information about your loan,Web,2026-06-16,Closed with explanation,Company believes it acted appropriately as authorized by contract or law,No,,MA,026XX
23288327,2026-06-17,MOHELA,Student loan,Federal student loan servicing,Dealing with your lender or servicer,Don't agree with the fees charged,Web,2026-06-17,Closed with explanation,Company believes it acted appropriately as authorized by contract or law,No,,CA,90066
23294334,2026-06-17,"Nelnet, Inc.",Student loan,Federal student loan servicing,Dealing with your lender or servicer,Received bad information about your loan,Web,2026-06-17,Closed with explanation,,Yes,Older American,TX,77584
23296311,2026-06-17,MOHELA,Student loan,Private student loan,Dealing with your lender or servicer,Keep getting calls about your loan,Web,2026-06-17,Closed with explanation,,Yes,,SC,296XX
23297762,2026-06-17,"Maximus Federal Services, Inc.",Student loan,Federal student loan servicing,Dealing with your lender or servicer,Trouble with how payments are being handled,Web,2026-06-17,Closed with explanation,,Yes,,UT,84045
23299601,2026-06-17,TRANSWORLD SYSTEMS INC,Student loan,Private student loan,Dealing with your lender or servicer,Co-signer,Web,2026-06-17,Closed with explanation,,Yes,,WI,535XX
23301061,2026-06-17,"ECMC GROUP, INC.",Student loan,Federal student loan servicing,Dealing with your lender or servicer,Received bad information about your loan,Web,2026-07-01,Closed with explanation,Company has responded to the consumer and the CFPB and chooses not to provide a public response,Yes,Servicemember,LA,70454
23305860,2026-06-17,SLM CORPORATION,Student loan,Private student loan,Dealing with your lender or servicer,Trouble with how payments are being handled,Web,2026-06-17,Closed with explanation,Company believes it acted appropriately as authorized by contract or law,Yes,,PA,150XX
23307636,2026-06-17,Climb Credit Inc.,Student loan,Private student loan,Dealing with your lender or servicer,Don't agree with the fees charged,Web,2026-06-17,Closed with explanation,,Yes,,OR,970XX
23311497,2026-06-17,MOHELA,Student loan,Federal student loan servicing,Dealing with your lender or servicer,Need information about your loan balance or loan terms,Web,2026-06-17,Untimely response,,No,,FL,32712
23313453,2026-06-17,MOHELA,Student loan,Federal student loan servicing,Dealing with your lender or servicer,Trouble with how payments are being handled,Web,2026-06-17,Untimely response,,No,,NV,89141
23316219,2026-06-17,MOHELA,Student loan,Federal student loan servicing,Dealing with your lender or servicer,Trouble with how payments are being handled,Web,2026-06-17,Closed with explanation,Company believes it acted appropriately as authorized by contract or law,Yes,,GA,30309
23316346,2026-06-17,"Nelnet, Inc.",Student loan,Federal student loan servicing,Dealing with your lender or servicer,Received bad information about your loan,Web,2026-06-17,Closed with explanation,,Yes,,FL,33619
23318460,2026-06-17,"Navient Solutions, LLC.",Student loan,Private student loan,Dealing with your lender or servicer,Trouble with how payments are being handled,Web,2026-06-17,Closed with explanation,,Yes,,FL,33772
23321125,2026-06-17,Allied Enrollment Centers LLC,Student loan,Federal student loan servicing,Dealing with your lender or servicer,Trouble with how payments are being handled,Web,2026-06-18,Closed with explanation,,Yes,,MD,21234
23321733,2026-06-17,"Nelnet, Inc.",Student loan,Federal student loan servicing,Dealing with your lender or servicer,Problem with customer service,Web,2026-06-18,Closed with explanation,,Yes,,CA,95843
23323032,2026-06-18,"Maximus Federal Services, Inc.",Student loan,Federal student loan servicing,Dealing with your lender or servicer,Received bad information about your loan,Web,2026-06-18,Closed with explanation,,Yes,,PA,15146
23323162,2026-06-18,MOHELA,Student loan,Federal student loan servicing,Dealing with your lender or servicer,Problem with customer service,Web,2026-06-18,Untimely response,,No,,IL,60652
23326141,2026-06-18,MOHELA,Student loan,Federal student loan servicing,Dealing with your lender or servicer,Need information about your loan balance or loan terms,Web,2026-06-18,Untimely response,,No,,KS,66061
23329554,2026-06-18,"Maximus Federal Services, Inc.",Student loan,Federal student loan servicing,Dealing with your lender or servicer,Trouble with how payments are being handled,Web,2026-06-18,Closed with explanation,,Yes,,AZ,85018
23329824,2026-06-18,HEARTLAND PAYMENT SYSTEMS INC,Student loan,Federal student loan servicing,Dealing with your lender or servicer,Trouble with how payments are being handled,Web,2026-06-18,Closed with explanation,,Yes,,AZ,85018
23337243,2026-06-18,"Nelnet, Inc.",Student loan,Federal student loan servicing,Dealing with your lender or servicer,Received bad information about your loan,Web,2026-06-18,Closed with explanation,,Yes,Older American,GA,30144
23342352,2026-06-18,EdFinancial Services,Student loan,Federal student loan servicing,Dealing with your lender or servicer,Received bad information about your loan,Web,2026-06-18,Closed with explanation,,Yes,,TN,38002
23348009,2026-06-18,"Navient Solutions, LLC.",Student loan,Private student loan,Dealing with your lender or servicer,Keep getting calls about your loan,Web,2026-06-18,Closed with explanation,,Yes,,MD,21213
23348840,2026-06-18,"Nelnet, Inc.",Student loan,Federal student loan servicing,Dealing with your lender or servicer,Received bad information about your loan,Web,2026-06-18,Closed with explanation,,Yes,,NM,87111
23349322,2026-06-18,MOHELA,Student loan,Federal student loan servicing,Dealing with your lender or servicer,Trouble with how payments are being handled,Web,2026-06-18,Untimely response,,No,,AZ,86442
23353097,2026-06-18,"Nelnet, Inc.",Student loan,Federal student loan servicing,Dealing with your lender or servicer,Trouble with how payments are being handled,Web,2026-06-18,Closed with explanation,,Yes,,TX,75189
23353496,2026-06-18,"Maximus Federal Services, Inc.",Student loan,Federal student loan servicing,Dealing with your lender or servicer,Received bad information about your loan,Web,2026-06-18,Closed with explanation,,Yes,,NY,10029
23401654,2026-06-19,MOHELA,Student loan,Federal student loan servicing,Dealing with your lender or servicer,Received bad information about your loan,Web,2026-06-30,Untimely response,,No,,CA,94596
23427110,2026-06-21,MOHELA,Student loan,Federal student loan servicing,Dealing with your lender or servicer,Trouble with how payments are being handled,Web,2026-06-21,Untimely response,,No,,NY,11201
23428705,2026-06-21,Climb Credit Inc.,Student loan,Private student loan,Dealing with your lender or servicer,Received bad information about your loan,Web,2026-06-21,Closed with explanation,,Yes,,GA,30306
23429217,2026-06-21,EdFinancial Services,Student loan,Federal student loan servicing,Dealing with your lender or servicer,Trouble with how payments are being handled,Web,2026-06-21,Closed with explanation,,Yes,,FL,33467
23435703,2026-06-22,"Goal Structured Solutions, LLC",Student loan,Private student loan,Dealing with your lender or servicer,Received bad information about your loan,Web,2026-06-22,Closed with explanation,,Yes,,CA,91325
23439469,2026-06-22,MOHELA,Student loan,Federal student loan servicing,Dealing with your lender or servicer,Problem with customer service,Web,2026-06-22,Untimely response,,No,,MD,21133
23441963,2026-06-22,MOHELA,Student loan,Federal student loan servicing,Dealing with your lender or servicer,Need information about your loan balance or loan terms,Web,2026-06-30,Untimely response,,No,,NJ,07205
23444071,2026-06-22,MOHELA,Student loan,Federal student loan servicing,Dealing with your lender or servicer,Problem with customer service,Web,2026-06-22,Closed with explanation,Company believes it acted appropriately as authorized by contract or law,Yes,,NC,28054
23447664,2026-06-22,MOHELA,Student loan,Federal student loan servicing,Dealing with your lender or servicer,Problem with customer service,Web,2026-06-22,Closed with explanation,Company believes it acted appropriately as authorized by contract or law,Yes,,TX,78745
23447670,2026-06-22,MOHELA,Student loan,Federal student loan servicing,Dealing with your lender or servicer,Trouble with how payments are being handled,Web,2026-06-22,Untimely response,,No,,IL,622XX
23449790,2026-06-22,"Goal Structured Solutions, LLC",Student loan,Private student loan,Dealing with your lender or servicer,Received bad information about your loan,Web,2026-06-22,Closed with explanation,,Yes,,CA,92647
23450434,2026-06-22,"Nelnet, Inc.",Student loan,Federal student loan servicing,Dealing with your lender or servicer,Need information about your loan balance or loan terms,Web,2026-06-22,Closed with explanation,,Yes,,AL,36535
23450498,2026-06-22,MOHELA,Student loan,Federal student loan servicing,Dealing with your lender or servicer,Trouble with how payments are being handled,Web,2026-06-22,Untimely response,,No,,WI,54301
23450858,2026-06-22,MOHELA,Student loan,Federal student loan servicing,Dealing with your lender or servicer,Problem with customer service,Web,2026-06-22,Untimely response,,No,,IN,47715
23453117,2026-06-22,EdFinancial Services,Student loan,Federal student loan servicing,Dealing with your lender or servicer,Trouble with how payments are being handled,Web,2026-06-22,Closed with explanation,,Yes,,GA,30115
23456709,2026-06-22,MOHELA,Student loan,Federal student loan servicing,Dealing with your lender or servicer,Received bad information about your loan,Web,2026-06-22,Closed with explanation,,Yes,,NE,681XX
23457643,2026-06-22,MOHELA,Student loan,Federal student loan servicing,Dealing with your lender or servicer,Trouble with how payments are being handled,Web,2026-06-22,Closed with explanation,,Yes,,NE,68127
23458536,2026-06-22,"Maximus Federal Services, Inc.",Student loan,Federal student loan servicing,Dealing with your lender or servicer,Received bad information about your loan,Web,2026-06-22,Closed with explanation,,Yes,,PA,15235
23459025,2026-06-22,EdFinancial Services,Student loan,Federal student loan servicing,Dealing with your lender or servicer,Received bad information about your loan,Web,2026-06-22,Closed with explanation,,Yes,,AL,367XX
23462076,2026-06-22,"Nelnet, Inc.",Student loan,Federal student loan servicing,Dealing with your lender or servicer,Problem with customer service,Web,2026-06-22,Closed with explanation,,Yes,,CA,907XX
23477473,2026-06-23,"Nelnet, Inc.",Student loan,Federal student loan servicing,Dealing with your lender or servicer,Problem with customer service,Web,2026-06-23,Closed with explanation,,Yes,Servicemember,TX,761XX
23478957,2026-06-23,MOHELA,Student loan,Federal student loan servicing,Dealing with your lender or servicer,Keep getting calls about your loan,Web,2026-06-23,Closed with explanation,,Yes,,IL,62269
23479542,2026-06-23,"SOFI TECHNOLOGIES, INC.",Student loan,Private student loan,Dealing with your lender or servicer,Trouble with how payments are being handled,Web,2026-06-23,Closed with explanation,,Yes,Older American,VA,20120
23481553,2026-06-23,"Nelnet, Inc.",Student loan,Federal student loan servicing,Dealing with your lender or servicer,Received bad information about your loan,Web,2026-06-23,Closed with explanation,,Yes,,TX,75208
23484333,2026-06-23,"Maximus Federal Services, Inc.",Student loan,Federal student loan servicing,Dealing with your lender or servicer,Problem with customer service,Web,2026-06-23,Closed with explanation,,Yes,,SD,57006
23485395,2026-06-23,MOHELA,Student loan,Federal student loan servicing,Dealing with your lender or servicer,Problem with customer service,Web,2026-06-23,Closed with explanation,,Yes,,SD,57006
23485827,2026-06-23,MOHELA,Student loan,Federal student loan servicing,Dealing with your lender or servicer,Trouble with how payments are being handled,Web,2026-06-23,Untimely response,,No,,GA,31322
23486565,2026-06-23,MOHELA,Student loan,Federal student loan servicing,Dealing with your lender or servicer,Problem with customer service,Web,2026-06-23,Untimely response,,No,,FL,33181
23489303,2026-06-23,MOHELA,Student loan,Federal student loan servicing,Dealing with your lender or servicer,Need information about your loan balance or loan terms,Web,2026-06-23,Untimely response,,No,,MI,49002
23490950,2026-06-23,AES/PHEAA,Student loan,Federal student loan servicing,Dealing with your lender or servicer,Trouble with how payments are being handled,Web,2026-06-23,Closed with non-monetary relief,,Yes,,SC,296XX
23492694,2026-06-23,"Nelnet, Inc.",Student loan,Private student loan,Dealing with your lender or servicer,Problem with customer service,Web,2026-06-23,Closed with explanation,,Yes,,MI,48239
23493019,2026-06-23,MOHELA,Student loan,Federal student loan servicing,Dealing with your lender or servicer,Trouble with how payments are being handled,Web,2026-06-23,Untimely response,,No,,MI,483XX
23494794,2026-06-23,MOHELA,Student loan,Federal student loan servicing,Dealing with your lender or servicer,Received bad information about your loan,Web,2026-06-23,Untimely response,,No,,CA,92130
23498500,2026-06-23,MOHELA,Student loan,Federal student loan servicing,Dealing with your lender or servicer,Problem with customer service,Web,2026-06-23,Untimely response,,No,Servicemember,TN,37917
23499930,2026-06-23,MOHELA,Student loan,Federal student loan servicing,Dealing with your lender or servicer,Received bad information about your loan,Web,2026-06-23,Untimely response,,No,,CA,94110
23500594,2026-06-23,Climb Credit Inc.,Student loan,Private student loan,Dealing with your lender or servicer,Don't agree with the fees charged,Web,2026-06-23,Closed with explanation,,Yes,,ID,83642
23513665,2026-06-24,"Nelnet, Inc.",Student loan,Federal student loan servicing,Dealing with your lender or servicer,Trouble with how payments are being handled,Web,2026-06-24,Closed with explanation,,Yes,,CA,90620
23522959,2026-06-24,MOHELA,Student loan,Federal student loan servicing,Dealing with your lender or servicer,Need information about your loan balance or loan terms,Web,2026-06-24,Untimely response,,No,,GA,30213
23523397,2026-06-24,MOHELA,Student loan,Federal student loan servicing,Dealing with your lender or servicer,Trouble with how payments are being handled,Web,2026-06-24,Untimely response,,No,Servicemember,PA,194XX
23523496,2026-06-24,MOHELA,Student loan,Federal student loan servicing,Dealing with your lender or servicer,Trouble with how payments are being handled,Web,2026-06-24,Untimely response,,No,,TX,77024
23532763,2026-06-24,AES/PHEAA,Student loan,Private student loan,Dealing with your lender or servicer,Received bad information about your loan,Web,2026-06-24,Closed with explanation,,Yes,,LA,712XX
23535539,2026-06-24,MOHELA,Student loan,Federal student loan servicing,Dealing with your lender or servicer,Received bad information about your loan,Web,2026-06-24,Untimely response,,No,,MS,395XX
23539017,2026-06-24,MOHELA,Student loan,Federal student loan servicing,Dealing with your lender or servicer,Trouble with how payments are being handled,Web,2026-06-24,Untimely response,,No,"Older American, Servicemember",HI,XXXXX
23539311,2026-06-24,SinglePoint GI,Student loan,Private student loan,Dealing with your lender or servicer,Received bad information about your loan,Web,2026-06-24,Closed with explanation,,Yes,,OR,97236
23539828,2026-06-24,MOHELA,Student loan,Federal student loan servicing,Dealing with your lender or servicer,Trouble with how payments are being handled,Web,2026-06-24,Closed with explanation,Company believes it acted appropriately as authorized by contract or law,No,,IN,47421
23540839,2026-06-24,Servicer under contract with Federal Student Aid,Student loan,Federal student loan servicing,Dealing with your lender or servicer,Received bad information about your loan,Web,2026-06-24,Untimely response,,No,,CA,90035
23542344,2026-06-24,MOHELA,Student loan,Private student loan,Dealing with your lender or servicer,Received bad information about your loan,Web,2026-06-24,Closed with explanation,,Yes,,CO,80211
23543146,2026-06-24,MOHELA,Student loan,Federal student loan servicing,Dealing with your lender or servicer,Problem with customer service,Web,2026-06-24,Untimely response,,No,,PA,18045
23543552,2026-06-24,MOHELA,Student loan,Federal student loan servicing,Dealing with your lender or servicer,Don't agree with the fees charged,Web,2026-06-30,Untimely response,,No,,CT,06877
23544192,2026-06-24,MOHELA,Student loan,Federal student loan servicing,Dealing with your lender or servicer,Received bad information about your loan,Web,2026-06-24,Untimely response,,No,Servicemember,OR,97008
23544415,2026-06-24,MOHELA,Student loan,Federal student loan servicing,Dealing with your lender or servicer,Trouble with how payments are being handled,Web,2026-06-24,Closed with explanation,Company believes it acted appropriately as authorized by contract or law,Yes,Servicemember,IN,47714
23545979,2026-06-24,MOHELA,Student loan,Federal student loan servicing,Dealing with your lender or servicer,Trouble with how payments are being handled,Web,2026-06-24,Closed with explanation,Company believes it acted appropriately as authorized by contract or law,Yes,,CA,92027
23548231,2026-06-24,"Maximus Federal Services, Inc.",Student loan,Federal student loan servicing,Dealing with your lender or servicer,Received bad information about your loan,Web,2026-06-30,Closed with explanation,,Yes,,KS,66213
23564018,2026-06-25,Servicer under contract with Federal Student Aid,Student loan,Federal student loan servicing,Dealing with your lender or servicer,Problem with customer service,Web,2026-06-25,Untimely response,,No,Servicemember,NC,28306
23564969,2026-06-25,MOHELA,Student loan,Federal student loan servicing,Dealing with your lender or servicer,Received bad information about your loan,Web,2026-06-25,Untimely response,,No,,NY,11222
23566647,2026-06-25,EdFinancial Services,Student loan,Federal student loan servicing,Dealing with your lender or servicer,Received bad information about your loan,Web,2026-06-25,Closed with explanation,,Yes,,TX,XXXXX
23568859,2026-06-25,MOHELA,Student loan,Federal student loan servicing,Dealing with your lender or servicer,Problem with customer service,Web,2026-06-25,Untimely response,,No,,IL,60607
23569438,2026-06-25,"Nelnet, Inc.",Student loan,Federal student loan servicing,Dealing with your lender or servicer,Received bad information about your loan,Web,2026-06-25,Closed with explanation,,Yes,,VA,22042
23571266,2026-06-25,Servicer under contract with Federal Student Aid,Student loan,Federal student loan servicing,Dealing with your lender or servicer,Trouble with how payments are being handled,Web,2026-06-25,Untimely response,,No,,MD,210XX
23573272,2026-06-25,MOHELA,Student loan,Federal student loan servicing,Dealing with your lender or servicer,Need information about your loan balance or loan terms,Web,2026-06-25,Untimely response,,No,Servicemember,CA,95765
23573330,2026-06-25,Central Research Inc,Student loan,Federal student loan servicing,Dealing with your lender or servicer,Problem with customer service,Web,2026-06-25,Closed with explanation,,Yes,,GA,30101
23573841,2026-06-25,"Maximus Federal Services, Inc.",Student loan,Federal student loan servicing,Dealing with your lender or servicer,Trouble with how payments are being handled,Web,2026-06-30,Closed with explanation,,Yes,,TX,75007
23573980,2026-06-25,"Nelnet, Inc.",Student loan,Federal student loan servicing,Dealing with your lender or servicer,Received bad information about your loan,Web,2026-06-25,Closed with explanation,,Yes,,NC,28451
23575041,2026-06-25,"Nelnet, Inc.",Student loan,Federal student loan servicing,Dealing with your lender or servicer,Trouble with how payments are being handled,Web,2026-06-25,Closed with explanation,,Yes,,NC,28115
23575199,2026-06-25,MOHELA,Student loan,Private student loan,Dealing with your lender or servicer,Trouble with how payments are being handled,Web,2026-06-25,Closed with explanation,,Yes,,FL,34953
23576891,2026-06-25,"Nelnet, Inc.",Student loan,Federal student loan servicing,Dealing with your lender or servicer,Problem with customer service,Web,2026-06-25,Closed with explanation,,Yes,,OH,45248
23578165,2026-06-25,MOHELA,Student loan,Federal student loan servicing,Dealing with your lender or servicer,Trouble with how payments are being handled,Web,2026-06-25,Untimely response,,No,,MO,64055
23580496,2026-06-25,"Maximus Federal Services, Inc.",Student loan,Federal student loan servicing,Dealing with your lender or servicer,Received bad information about your loan,Web,2026-06-25,Closed with explanation,,Yes,,WA,98001
23581951,2026-06-25,EdFinancial Services,Student loan,Federal student loan servicing,Dealing with your lender or servicer,Trouble with how payments are being handled,Web,2026-06-25,Closed with explanation,,Yes,,GA,30316
23583787,2026-06-25,Servicer under contract with Federal Student Aid,Student loan,Federal student loan servicing,Dealing with your lender or servicer,Don't agree with the fees charged,Web,2026-06-25,Untimely response,,No,,ID,834XX
23584840,2026-06-25,MOHELA,Student loan,Federal student loan servicing,Dealing with your lender or servicer,Received bad information about your loan,Web,2026-06-25,Closed with explanation,,Yes,,VA,23236
23585072,2026-06-25,MOHELA,Student loan,Federal student loan servicing,Dealing with your lender or servicer,Received bad information about your loan,Web,2026-06-25,Untimely response,,No,,CA,92591
23585831,2026-06-25,MOHELA,Student loan,Federal student loan servicing,Dealing with your lender or servicer,Trouble with how payments are being handled,Web,2026-06-25,Untimely response,,No,,AR,722XX
23588161,2026-06-25,EdFinancial Services,Student loan,Federal student loan servicing,Dealing with your lender or servicer,Trouble with how payments are being handled,Web,2026-06-26,Closed with explanation,,Yes,Older American,WI,53403
23596539,2026-06-26,MOHELA,Student loan,Federal student loan servicing,Dealing with your lender or servicer,Received bad information about your loan,Web,2026-06-26,Closed with explanation,,Yes,"Older American, Servicemember",CA,92120
23596659,2026-06-26,"Nelnet, Inc.",Student loan,Federal student loan servicing,Dealing with your lender or servicer,Trouble with how payments are being handled,Web,2026-06-26,Closed with explanation,,Yes,,AZ,852XX
23597521,2026-06-26,MOHELA,Student loan,Federal student loan servicing,Dealing with your lender or servicer,Need information about your loan balance or loan terms,Web,2026-06-26,Untimely response,,No,,CA,90640
23647972,2026-06-28,MOHELA,Student loan,Federal student loan servicing,Dealing with your lender or servicer,Received bad information about your loan,Web,2026-06-28,Closed with explanation,Company believes it acted appropriately as authorized by contract or law,Yes,Servicemember,IN,47714
23649448,2026-06-28,Servicer under contract with Federal Student Aid,Student loan,Federal student loan servicing,Dealing with your lender or servicer,Trouble with how payments are being handled,Web,2026-06-28,Untimely response,,No,,MN,55129
23650459,2026-06-28,"Maximus Federal Services, Inc.",Student loan,Federal student loan servicing,Dealing with your lender or servicer,Received bad information about your loan,Web,2026-06-28,Closed with explanation,,Yes,,NC,28277
23651567,2026-06-28,MOHELA,Student loan,Federal student loan servicing,Dealing with your lender or servicer,Received bad information about your loan,Web,2026-06-28,Untimely response,,No,,NC,282XX
23652795,2026-06-28,"Nelnet, Inc.",Student loan,Federal student loan servicing,Dealing with your lender or servicer,Received bad information about your loan,Web,2026-06-28,Closed with explanation,,Yes,,MA,023XX
23653409,2026-06-28,"Maximus Federal Services, Inc.",Student loan,Federal student loan servicing,Dealing with your lender or servicer,Received bad information about your loan,Web,2026-06-28,Closed with explanation,,Yes,,TX,761XX
23653902,2026-06-29,"Maximus Federal Services, Inc.",Student loan,Federal student loan servicing,Dealing with your lender or servicer,Received bad information about your loan,Web,2026-06-29,Closed with explanation,,Yes,,CA,92111
23654020,2026-06-29,"Nelnet, Inc.",Student loan,Federal student loan servicing,Dealing with your lender or servicer,Received bad information about your loan,Web,2026-06-29,Closed with explanation,,Yes,,CA,92111
23654136,2026-06-29,"Maximus Federal Services, Inc.",Student loan,Federal student loan servicing,Dealing with your lender or servicer,Trouble with how payments are being handled,Web,2026-06-30,Closed with explanation,,Yes,,TX,78729
23654836,2026-06-29,"Maximus Federal Services, Inc.",Student loan,Federal student loan servicing,Dealing with your lender or servicer,Problem with customer service,Web,2026-06-29,Closed with explanation,,Yes,Servicemember,NJ,07040
23655587,2026-06-29,MOHELA,Student loan,Federal student loan servicing,Dealing with your lender or servicer,Trouble with how payments are being handled,Web,2026-06-29,Untimely response,,No,,OH,441XX
23656433,2026-06-29,"Maximus Federal Services, Inc.",Student loan,Federal student loan servicing,Dealing with your lender or servicer,Trouble with how payments are being handled,Web,2026-06-29,Closed with explanation,,Yes,,CA,92648
23663219,2026-06-29,EdFinancial Services,Student loan,Federal student loan servicing,Dealing with your lender or servicer,Received bad information about your loan,Web,2026-06-29,Closed with explanation,,Yes,,GA,30127
23665919,2026-06-29,MOHELA,Student loan,Federal student loan servicing,Dealing with your lender or servicer,Don't agree with the fees charged,Web,2026-06-29,Untimely response,,No,,HI,96818
23666174,2026-06-29,MOHELA,Student loan,Federal student loan servicing,Dealing with your lender or servicer,Trouble with how payments are being handled,Web,2026-06-29,Untimely response,,No,,CA,93063
23666821,2026-06-29,EdFinancial Services,Student loan,Federal student loan servicing,Dealing with your lender or servicer,Trouble with how payments are being handled,Web,2026-06-29,Closed with explanation,,Yes,,NC,286XX
23669525,2026-06-29,"Maximus Federal Services, Inc.",Student loan,Federal student loan servicing,Dealing with your lender or servicer,Received bad information about your loan,Web,2026-06-29,Closed with explanation,,Yes,Servicemember,NC,283XX
23671607,2026-06-29,MOHELA,Student loan,Federal student loan servicing,Dealing with your lender or servicer,Received bad information about your loan,Web,2026-06-29,Untimely response,,No,,IA,516XX
23673078,2026-06-29,MOHELA,Student loan,Federal student loan servicing,Dealing with your lender or servicer,Trouble with how payments are being handled,Web,2026-06-29,Untimely response,,No,,ID,83714
23673508,2026-06-29,"Nelnet, Inc.",Student loan,Federal student loan servicing,Dealing with your lender or servicer,Trouble with how payments are being handled,Web,2026-06-29,Closed with explanation,,Yes,,MA,02048
23676719,2026-06-29,MOHELA,Student loan,Federal student loan servicing,Dealing with your lender or servicer,Problem with customer service,Web,2026-06-29,Untimely response,,No,,NY,120XX
23677099,2026-06-29,MOHELA,Student loan,Federal student loan servicing,Dealing with your lender or servicer,Received bad information about your loan,Web,2026-06-30,Untimely response,,No,,PA,180XX
23681629,2026-06-29,"Nelnet, Inc.",Student loan,Federal student loan servicing,Dealing with your lender or servicer,Received bad information about your loan,Web,2026-06-30,Closed with explanation,,Yes,,WI,53207
23682547,2026-06-29,MOHELA,Student loan,Federal student loan servicing,Dealing with your lender or servicer,Trouble with how payments are being handled,Web,2026-06-29,Untimely response,,No,,NY,10303
23683098,2026-06-29,"Nelnet, Inc.",Student loan,Federal student loan servicing,Dealing with your lender or servicer,Received bad information about your loan,Web,2026-06-29,Closed with explanation,,Yes,,NY,11375
23683336,2026-06-29,EdFinancial Services,Student loan,Federal student loan servicing,Dealing with your lender or servicer,Received bad information about your loan,Web,2026-06-29,Closed with explanation,,Yes,"Older American, Servicemember",GA,30135
23684111,2026-06-29,"Maximus Federal Services, Inc.",Student loan,Federal student loan servicing,Dealing with your lender or servicer,Received bad information about your loan,Web,2026-06-30,Closed with explanation,,Yes,Older American,GA,30135
23685238,2026-06-29,SLM CORPORATION,Student loan,Private student loan,Dealing with your lender or servicer,Received bad information about your loan,Web,2026-06-29,Closed with non-monetary relief,Company believes complaint is the result of an isolated error,Yes,,TX,76021
23686866,2026-06-29,MOHELA,Student loan,Federal student loan servicing,Dealing with your lender or servicer,Trouble with how payments are being handled,Web,2026-06-29,Untimely response,,No,,VA,23237
23689420,2026-06-29,MOHELA,Student loan,Federal student loan servicing,Dealing with your lender or servicer,Problem with customer service,Web,2026-06-29,Untimely response,,No,,ME,04106
23692658,2026-06-30,"Nelnet, Inc.",Student loan,Federal student loan servicing,Dealing with your lender or servicer,Problem with customer service,Web,2026-06-30,Closed with explanation,,Yes,,TX,77375
23692925,2026-06-30,MOHELA,Student loan,Private student loan,Dealing with your lender or servicer,Problem with customer service,Web,2026-06-30,Untimely response,,No,,WA,98105
23693290,2026-06-30,EdFinancial Services,Student loan,Federal student loan servicing,Dealing with your lender or servicer,Trouble with how payments are being handled,Web,2026-06-30,Closed with explanation,,Yes,,NY,10003
23693642,2026-06-30,MOHELA,Student loan,Federal student loan servicing,Dealing with your lender or servicer,Trouble with how payments are being handled,Web,2026-06-30,Untimely response,,No,Servicemember,IN,47714
23695821,2026-06-30,MOHELA,Student loan,Federal student loan servicing,Dealing with your lender or servicer,Trouble with how payments are being handled,Web,2026-06-30,Untimely response,,No,,MD,206XX
23696526,2026-06-30,Climb Credit Inc.,Student loan,Private student loan,Dealing with your lender or servicer,Received bad information about your loan,Web,2026-06-30,Closed with explanation,,Yes,,FL,32086
23698691,2026-06-30,MOHELA,Student loan,Federal student loan servicing,Dealing with your lender or servicer,Problem with customer service,Web,2026-06-30,Untimely response,,No,,TX,77057
23699283,2026-06-30,MOHELA,Student loan,Private student loan,Dealing with your lender or servicer,Problem with customer service,Web,2026-06-30,Closed with explanation,,Yes,Older American,NV,89135
23700903,2026-06-30,EdFinancial Services,Student loan,Federal student loan servicing,Dealing with your lender or servicer,Received bad information about your loan,Web,2026-06-30,Closed with explanation,,Yes,,CA,95688
23703156,2026-06-30,Central Research Inc,Student loan,Federal student loan servicing,Dealing with your lender or servicer,Trouble with how payments are being handled,Web,2026-06-30,Closed with explanation,,Yes,,AL,35235
23705161,2026-06-30,MOHELA,Student loan,Federal student loan servicing,Dealing with your lender or servicer,Received bad information about your loan,Web,2026-06-30,Untimely response,,No,,NJ,08816
23706319,2026-06-30,"Maximus Federal Services, Inc.",Student loan,Federal student loan servicing,Dealing with your lender or servicer,Need information about your loan balance or loan terms,Web,2026-06-30,Closed with explanation,,Yes,,MI,481XX
23708515,2026-06-30,MOHELA,Student loan,Federal student loan servicing,Dealing with your lender or servicer,Need information about your loan balance or loan terms,Web,2026-06-30,Closed with explanation,,Yes,,VA,23322
23710027,2026-06-30,MOHELA,Student loan,Federal student loan servicing,Dealing with your lender or servicer,Trouble with how payments are being handled,Web,2026-06-30,Untimely response,,No,,OH,443XX
23710650,2026-06-30,MOHELA,Student loan,Federal student loan servicing,Dealing with your lender or servicer,Trouble with how payments are being handled,Web,2026-06-30,Untimely response,,No,,IL,60657
23710993,2026-06-30,MOHELA,Student loan,Federal student loan servicing,Dealing with your lender or servicer,Problem with customer service,Web,2026-06-30,Untimely response,,No,,PA,190XX
23713322,2026-06-30,MOHELA,Student loan,Federal student loan servicing,Dealing with your lender or servicer,Trouble with how payments are being handled,Web,2026-06-30,Untimely response,,No,,OK,73071
23714095,2026-06-30,Servicer under contract with Federal Student Aid,Student loan,Federal student loan servicing,Dealing with your lender or servicer,Need information about your loan balance or loan terms,Web,2026-06-30,Untimely response,,No,,SC,29301
23715331,2026-06-30,MOHELA,Student loan,Federal student loan servicing,Dealing with your lender or servicer,Received bad information about your loan,Web,2026-06-30,Untimely response,,No,,MD,206XX
23715734,2026-06-30,SLM CORPORATION,Student loan,Private student loan,Dealing with your lender or servicer,Trouble with how payments are being handled,Web,2026-06-30,Closed with explanation,Company believes it acted appropriately as authorized by contract or law,Yes,,OH,43016
23717974,2026-06-30,"Maximus Federal Services, Inc.",Student loan,Federal student loan servicing,Dealing with your lender or servicer,Trouble with how payments are being handled,Web,2026-06-30,Closed with explanation,,Yes,,GA,30349
23720208,2026-06-30,EdFinancial Services,Student loan,Federal student loan servicing,Dealing with your lender or servicer,Trouble with how payments are being handled,Web,2026-06-30,Closed with explanation,,Yes,,MD,210XX
23720564,2026-06-30,MOHELA,Student loan,Federal student loan servicing,Dealing with your lender or servicer,Problem with customer service,Web,2026-06-30,Untimely response,,No,,TX,76226
23723096,2026-06-30,MOHELA,Student loan,Federal student loan servicing,Dealing with your lender or servicer,Trouble with how payments are being handled,Web,2026-06-30,Untimely response,,No,,CA,917XX
23746636,2026-07-01,MOHELA,Student loan,Federal student loan servicing,Dealing with your lender or servicer,Problem with customer service,Web,2026-07-01,Untimely response,,No,,OH,440XX
23749411,2026-07-01,MOHELA,Student loan,Federal student loan servicing,Dealing with your lender or servicer,Received bad information about your loan,Web,2026-07-01,Untimely response,,No,,ME,04103
23751534,2026-07-01,SLM CORPORATION,Student loan,Private student loan,Dealing with your lender or servicer,Don't agree with the fees charged,Web,2026-07-01,Closed with explanation,Company believes it acted appropriately as authorized by contract or law,Yes,,FL,34759
23752724,2026-07-01,MOHELA,Student loan,Federal student loan servicing,Dealing with your lender or servicer,Trouble with how payments are being handled,Web,2026-07-01,Untimely response,,No,Servicemember,NE,68516
23753346,2026-07-01,MOHELA,Student loan,Federal student loan servicing,Dealing with your lender or servicer,Don't agree with the fees charged,Web,2026-07-01,Untimely response,,No,,GA,30071
23753882,2026-07-01,MOHELA,Student loan,Federal student loan servicing,Dealing with your lender or servicer,Received bad information about your loan,Web,2026-07-01,Closed with explanation,,Yes,,OH,44134
23753891,2026-07-01,MOHELA,Student loan,Federal student loan servicing,Dealing with your lender or servicer,Trouble with how payments are being handled,Web,2026-07-07,Untimely response,,No,,AL,35758
23755937,2026-07-01,MOHELA,Student loan,Federal student loan servicing,Dealing with your lender or servicer,Trouble with how payments are being handled,Web,2026-07-01,Untimely response,,No,,WI,546XX
23756022,2026-07-01,"Maximus Federal Services, Inc.",Student loan,Federal student loan servicing,Dealing with your lender or servicer,Received bad information about your loan,Web,2026-07-01,Closed with explanation,,Yes,Servicemember,CA,96002
23756671,2026-07-01,"Nelnet, Inc.",Student loan,Federal student loan servicing,Dealing with your lender or servicer,Problem with customer service,Web,2026-07-01,Closed with explanation,,Yes,,PA,195XX
23756731,2026-07-01,MOHELA,Student loan,Federal student loan servicing,Dealing with your lender or servicer,Need information about your loan balance or loan terms,Web,2026-07-01,Untimely response,,No,,CO,80021
23757481,2026-07-01,"Maximus Federal Services, Inc.",Student loan,Federal student loan servicing,Dealing with your lender or servicer,Received bad information about your loan,Web,2026-07-01,Closed with explanation,,Yes,,CO,80249
23757695,2026-07-01,SLM CORPORATION,Student loan,Private student loan,Dealing with your lender or servicer,Keep getting calls about your loan,Web,2026-07-01,Closed with explanation,Company believes it acted appropriately as authorized by contract or law,Yes,,CO,80214
23760511,2026-07-01,MOHELA,Student loan,Federal student loan servicing,Dealing with your lender or servicer,Problem with customer service,Web,2026-07-01,Untimely response,,No,,VA,222XX
23760961,2026-07-01,"Nelnet, Inc.",Student loan,Federal student loan servicing,Dealing with your lender or servicer,Received bad information about your loan,Web,2026-07-01,Closed with explanation,,Yes,,VA,225XX
23762220,2026-07-01,AES/PHEAA,Student loan,Federal student loan servicing,Dealing with your lender or servicer,Don't agree with the fees charged,Web,2026-07-01,Closed with explanation,,Yes,Older American,CT,063XX
23766277,2026-07-01,MOHELA,Student loan,Federal student loan servicing,Dealing with your lender or servicer,Problem with customer service,Web,2026-07-01,Untimely response,,No,,PA,19607
23766826,2026-07-01,MOHELA,Student loan,Federal student loan servicing,Dealing with your lender or servicer,Problem with customer service,Web,2026-07-01,Untimely response,,No,,KY,40245
23767584,2026-07-01,MOHELA,Student loan,Federal student loan servicing,Dealing with your lender or servicer,Trouble with how payments are being handled,Web,2026-07-01,Untimely response,,No,,CA,931XX
23768038,2026-07-01,MOHELA,Student loan,Federal student loan servicing,Dealing with your lender or servicer,Trouble with how payments are being handled,Web,2026-07-01,Untimely response,,No,,KY,40502
23771081,2026-07-01,MOHELA,Student loan,Federal student loan servicing,Dealing with your lender or servicer,Trouble with how payments are being handled,Web,2026-07-01,Untimely response,,No,,CA,92503
23772849,2026-07-01,MOHELA,Student loan,Federal student loan servicing,Dealing with your lender or servicer,Received bad information about your loan,Web,2026-07-01,Untimely response,,No,,TX,78702
23773677,2026-07-01,"Nelnet, Inc.",Student loan,Federal student loan servicing,Dealing with your lender or servicer,Trouble with how payments are being handled,Web,2026-07-01,Closed with explanation,,Yes,,SC,29483
23775021,2026-07-01,MOHELA,Student loan,Private student loan,Dealing with your lender or servicer,Received bad information about your loan,Web,2026-07-01,Closed with explanation,,Yes,,NC,28806
23778757,2026-07-02,EdFinancial Services,Student loan,Federal student loan servicing,Dealing with your lender or servicer,Problem with customer service,Web,2026-07-02,Closed with explanation,,Yes,,GA,30606
23778771,2026-07-02,EdFinancial Services,Student loan,Federal student loan servicing,Dealing with your lender or servicer,Received bad information about your loan,Web,2026-07-02,Closed with explanation,,Yes,,IN,461XX
23779227,2026-07-02,MOHELA,Student loan,Federal student loan servicing,Dealing with your lender or servicer,Received bad information about your loan,Web,2026-07-02,Untimely response,,No,,TX,751XX
23783433,2026-07-02,MOHELA,Student loan,Federal student loan servicing,Dealing with your lender or servicer,Trouble with how payments are being handled,Web,2026-07-02,Untimely response,,No,,MD,21223
23784285,2026-07-02,"Nelnet, Inc.",Student loan,Private student loan,Dealing with your lender or servicer,Trouble with how payments are being handled,Web,2026-07-02,Closed with explanation,,Yes,Servicemember,WA,98901
23784523,2026-07-02,"Goal Structured Solutions, LLC",Student loan,Private student loan,Dealing with your lender or servicer,Problem with customer service,Web,2026-07-02,Closed with explanation,,Yes,,NY,11746
23784815,2026-07-02,MOHELA,Student loan,Private student loan,Dealing with your lender or servicer,Problem with customer service,Web,2026-07-02,Closed with explanation,,Yes,,WA,98584
23794727,2026-07-02,MOHELA,Student loan,Federal student loan servicing,Dealing with your lender or servicer,Trouble with how payments are being handled,Web,2026-07-02,Untimely response,,No,,KS,671XX
23795762,2026-07-02,EdFinancial Services,Student loan,Federal student loan servicing,Dealing with your lender or servicer,Problem with customer service,Web,2026-07-02,Closed with explanation,,Yes,Servicemember,AK,99705
23798703,2026-07-02,MOHELA,Student loan,Federal student loan servicing,Dealing with your lender or servicer,Trouble with how payments are being handled,Web,2026-07-02,Untimely response,,No,,FL,33172
23799461,2026-07-02,"Maximus Federal Services, Inc.",Student loan,Federal student loan servicing,Dealing with your lender or servicer,Trouble with how payments are being handled,Web,2026-07-07,Closed with explanation,,Yes,,NY,11234
23800259,2026-07-02,"Maximus Federal Services, Inc.",Student loan,Federal student loan servicing,Dealing with your lender or servicer,Problem with customer service,Web,2026-07-02,Closed with explanation,,Yes,,VA,20105
23801500,2026-07-02,EdFinancial Services,Student loan,Federal student loan servicing,Dealing with your lender or servicer,Trouble with how payments are being handled,Web,2026-07-02,Closed with explanation,,Yes,,NJ,07003
23803830,2026-07-02,EdFinancial Services,Student loan,Federal student loan servicing,Dealing with your lender or servicer,Problem with customer service,Web,2026-07-02,Closed with explanation,,Yes,,NC,27607
23804433,2026-07-02,MOHELA,Student loan,Private student loan,Dealing with your lender or servicer,Don't agree with the fees charged,Web,2026-07-02,Closed with explanation,,Yes,Servicemember,FL,32563
23804575,2026-07-02,MOHELA,Student loan,Federal student loan servicing,Dealing with your lender or servicer,Trouble with how payments are being handled,Web,2026-07-02,Untimely response,,No,,OR,97701
23805036,2026-07-02,MOHELA,Student loan,Federal student loan servicing,Dealing with your lender or servicer,Need information about your loan balance or loan terms,Web,2026-07-02,Untimely response,,No,,WV,264XX
23806060,2026-07-02,MOHELA,Student loan,Federal student loan servicing,Dealing with your lender or servicer,Problem with customer service,Web,2026-07-02,Closed with explanation,Company believes it acted appropriately as authorized by contract or law,No,,MI,48220
23807711,2026-07-02,MOHELA,Student loan,Federal student loan servicing,Dealing with your lender or servicer,Need information about your loan balance or loan terms,Web,2026-07-02,Untimely response,,No,,NY,14617
23808214,2026-07-02,MOHELA,Student loan,Federal student loan servicing,Dealing with your lender or servicer,Trouble with how payments are being handled,Web,2026-07-02,Untimely response,,No,,TX,77373
23808241,2026-07-02,MOHELA,Student loan,Federal student loan servicing,Dealing with your lender or servicer,Problem with customer service,Web,2026-07-02,Untimely response,,No,Servicemember,CO,80917
23808287,2026-07-02,MOHELA,Student loan,Federal student loan servicing,Dealing with your lender or servicer,Trouble with how payments are being handled,Web,2026-07-02,Untimely response,,No,,KY,40502
23811872,2026-07-02,"SOFI TECHNOLOGIES, INC.",Student loan,Private student loan,Dealing with your lender or servicer,Trouble with how payments are being handled,Web,2026-07-02,Closed with explanation,,Yes,,CA,92354
23813850,2026-07-02,MOHELA,Student loan,Federal student loan servicing,Dealing with your lender or servicer,Trouble with how payments are being handled,Web,2026-07-02,Untimely response,,No,,CO,80904
23818813,2026-07-02,"Paramount Capital Group, Inc.",Student loan,Private student loan,Dealing with your lender or servicer,Need information about your loan balance or loan terms,Web,2026-07-02,Closed with explanation,,Yes,,TX,751XX
23818885,2026-07-02,EdFinancial Services,Student loan,Federal student loan servicing,Dealing with your lender or servicer,Received bad information about your loan,Web,2026-07-02,Closed with explanation,,Yes,,CA,90723
23820143,2026-07-02,MOHELA,Student loan,Federal student loan servicing,Dealing with your lender or servicer,Received bad information about your loan,Web,2026-07-02,Untimely response,,No,,NY,10034
23820458,2026-07-02,EDvantage LLC,Student loan,Private student loan,Dealing with your lender or servicer,Trouble with how payments are being handled,Web,2026-07-03,Closed with explanation,,No,,WA,98902
23822199,2026-07-03,MOHELA,Student loan,Federal student loan servicing,Dealing with your lender or servicer,Problem with customer service,Web,2026-07-03,Untimely response,,No,,GA,30542
23823606,2026-07-03,Servicer under contract with Federal Student Aid,Student loan,Federal student loan servicing,Dealing with your lender or servicer,Received bad information about your loan,Web,2026-07-03,Untimely response,,No,,PA,15206
23823736,2026-07-03,MOHELA,Student loan,Federal student loan servicing,Dealing with your lender or servicer,Trouble with how payments are being handled,Web,2026-07-03,Untimely response,,No,,NC,27501
23828963,2026-07-03,TRANSWORLD SYSTEMS INC,Student loan,Private student loan,Dealing with your lender or servicer,Trouble with how payments are being handled,Web,2026-07-03,Closed with explanation,,Yes,,CA,94903
23829255,2026-07-03,MOHELA,Student loan,Federal student loan servicing,Dealing with your lender or servicer,Need information about your loan balance or loan terms,Web,2026-07-03,Untimely response,,No,Servicemember,OH,43230
23829803,2026-07-03,"Nelnet, Inc.",Student loan,Federal student loan servicing,Dealing with your lender or servicer,Received bad information about your loan,Web,2026-07-03,Closed with explanation,,Yes,,SC,29644
23834077,2026-07-03,"Maximus Federal Services, Inc.",Student loan,Federal student loan servicing,Dealing with your lender or servicer,Need information about your loan balance or loan terms,Web,2026-07-07,Closed with explanation,,Yes,,SC,XXXXX
23834444,2026-07-03,AES/PHEAA,Student loan,Federal student loan servicing,Dealing with your lender or servicer,Need information about your loan balance or loan terms,Web,2026-07-03,Closed with explanation,,Yes,,NJ,08096
23844559,2026-07-03,MOHELA,Student loan,Federal student loan servicing,Dealing with your lender or servicer,Trouble with how payments are being handled,Web,2026-07-03,Untimely response,,No,,VA,20151
23845685,2026-07-03,"Maximus Federal Services, Inc.",Student loan,Federal student loan servicing,Dealing with your lender or servicer,Don't agree with the fees charged,Web,2026-07-03,Closed with explanation,,Yes,,CA,95815
23846307,2026-07-03,MOHELA,Student loan,Federal student loan servicing,Dealing with your lender or servicer,Trouble with how payments are being handled,Web,2026-07-03,Untimely response,,No,,CA,92108
23871952,2026-07-04,"Nelnet, Inc.",Student loan,Federal student loan servicing,Dealing with your lender or servicer,Need information about your loan balance or loan terms,Web,2026-07-04,Closed with explanation,,Yes,,GA,30260
23872468,2026-07-04,Central Research Inc,Student loan,Federal student loan servicing,Dealing with your lender or servicer,Need information about your loan balance or loan terms,Web,2026-07-04,Closed with explanation,,Yes,,NY,11103
23873423,2026-07-04,MOHELA,Student loan,Federal student loan servicing,Dealing with your lender or servicer,Trouble with how payments are being handled,Web,2026-07-04,Untimely response,,No,,NV,89031
23873786,2026-07-04,MOHELA,Student loan,Federal student loan servicing,Dealing with your lender or servicer,Trouble with how payments are being handled,Web,2026-07-04,Closed with explanation,Company believes it acted appropriately as authorized by contract or law,Yes,Servicemember,IN,47714
23873850,2026-07-04,MOHELA,Student loan,Federal student loan servicing,Dealing with your lender or servicer,Trouble with how payments are being handled,Web,2026-07-04,Untimely response,,No,Older American,MA,02043
23874066,2026-07-04,"Nelnet, Inc.",Student loan,Federal student loan servicing,Dealing with your lender or servicer,Received bad information about your loan,Web,2026-07-04,Closed with explanation,,Yes,,FL,33325
23874371,2026-07-04,MOHELA,Student loan,Private student loan,Dealing with your lender or servicer,Received bad information about your loan,Web,2026-07-04,Closed with non-monetary relief,,Yes,,MD,206XX
23874771,2026-07-04,SLM CORPORATION,Student loan,Private student loan,Dealing with your lender or servicer,Keep getting calls about your loan,Web,2026-07-04,Closed with explanation,Company believes it acted appropriately as authorized by contract or law,Yes,,SC,29485
23879895,2026-07-05,MOHELA,Student loan,Federal student loan servicing,Dealing with your lender or servicer,Trouble with how payments are being handled,Web,2026-07-05,Untimely response,,No,Servicemember,IN,47714
23880690,2026-07-05,Servicer under contract with Federal Student Aid,Student loan,Federal student loan servicing,Dealing with your lender or servicer,Problem with customer service,Web,2026-07-05,Untimely response,,No,,FL,34667
23882958,2026-07-05,HEARTLAND PAYMENT SYSTEMS INC,Student loan,Federal student loan servicing,Dealing with your lender or servicer,Trouble with how payments are being handled,Web,2026-07-05,Closed with explanation,,No,,NY,11211
23883397,2026-07-05,MOHELA,Student loan,Private student loan,Dealing with your lender or servicer,Received bad information about your loan,Web,2026-07-05,Closed with explanation,,Yes,,AZ,85541
23884193,2026-07-05,MOHELA,Student loan,Federal student loan servicing,Dealing with your lender or servicer,Received bad information about your loan,Web,2026-07-05,Untimely response,,No,,CA,92054
23884506,2026-07-05,"Maximus Federal Services, Inc.",Student loan,Federal student loan servicing,Dealing with your lender or servicer,Received bad information about your loan,Web,2026-07-05,Closed with explanation,,Yes,,NC,28376
23884839,2026-07-05,"Maximus Federal Services, Inc.",Student loan,Federal student loan servicing,Dealing with your lender or servicer,Trouble with how payments are being handled,Web,2026-07-05,Closed with explanation,,Yes,,MN,55411
23885082,2026-07-05,MOHELA,Student loan,Private student loan,Dealing with your lender or servicer,Problem with customer service,Web,2026-07-05,Closed with explanation,,Yes,Servicemember,TX,765XX
23886807,2026-07-06,MOHELA,Student loan,Federal student loan servicing,Dealing with your lender or servicer,Received bad information about your loan,Web,2026-07-06,Untimely response,,No,,NJ,074XX
23887163,2026-07-06,MOHELA,Student loan,Federal student loan servicing,Dealing with your lender or servicer,Problem with customer service,Web,2026-07-06,Untimely response,,No,,CO,80016
23887319,2026-07-06,MOHELA,Student loan,Federal student loan servicing,Dealing with your lender or servicer,Received bad information about your loan,Web,2026-07-06,Untimely response,,No,,KY,40065
23890610,2026-07-06,Servicer under contract with Federal Student Aid,Student loan,Federal student loan servicing,Dealing with your lender or servicer,Need information about your loan balance or loan terms,Web,2026-07-06,Untimely response,,No,Older American,CA,96001
23894791,2026-07-06,MOHELA,Student loan,Federal student loan servicing,Dealing with your lender or servicer,Problem with customer service,Web,2026-07-06,Closed with explanation,Company believes it acted appropriately as authorized by contract or law,Yes,,FL,33525
23898204,2026-07-06,MOHELA,Student loan,Private student loan,Dealing with your lender or servicer,Trouble with how payments are being handled,Web,2026-07-06,Closed with explanation,,Yes,,NY,11238
23899277,2026-07-06,"Goal Structured Solutions, LLC",Student loan,Private student loan,Dealing with your lender or servicer,Trouble with how payments are being handled,Web,2026-07-06,Closed with explanation,,Yes,,NY,10065
23901070,2026-07-06,SLM CORPORATION,Student loan,Private student loan,Dealing with your lender or servicer,Co-signer,Web,2026-07-06,Closed with explanation,Company believes it acted appropriately as authorized by contract or law,Yes,,MA,010XX
23901665,2026-07-06,"Nelnet, Inc.",Student loan,Federal student loan servicing,Dealing with your lender or servicer,Trouble with how payments are being handled,Web,2026-07-06,Closed with explanation,,Yes,,AL,35160
23902111,2026-07-06,"Nelnet, Inc.",Student loan,Federal student loan servicing,Dealing with your lender or servicer,Received bad information about your loan,Web,2026-07-06,Closed with explanation,,Yes,,NY,10303
23902191,2026-07-06,Servicer under contract with Federal Student Aid,Student loan,Private student loan,Dealing with your lender or servicer,Received bad information about your loan,Web,2026-07-06,Untimely response,,No,Servicemember,NY,14206
23903296,2026-07-06,MOHELA,Student loan,Federal student loan servicing,Dealing with your lender or servicer,Received bad information about your loan,Web,2026-07-06,Untimely response,,No,,AZ,85338
23904305,2026-07-06,MOHELA,Student loan,Federal student loan servicing,Dealing with your lender or servicer,Problem with customer service,Web,2026-07-06,Untimely response,,No,,NY,10028
23904811,2026-07-06,MOHELA,Student loan,Federal student loan servicing,Dealing with your lender or servicer,Received bad information about your loan,Web,2026-07-06,Untimely response,,No,,,
23905245,2026-07-06,MOHELA,Student loan,Private student loan,Dealing with your lender or servicer,Received bad information about your loan,Web,2026-07-06,Closed with explanation,,Yes,,MN,55318
23906678,2026-07-06,EdFinancial Services,Student loan,Federal student loan servicing,Dealing with your lender or servicer,Trouble with how payments are being handled,Web,2026-07-06,Closed with explanation,,Yes,,FL,33460
23907209,2026-07-06,SLM CORPORATION,Student loan,Private student loan,Dealing with your lender or servicer,Received bad information about your loan,Web,2026-07-06,Closed with explanation,Company believes it acted appropriately as authorized by contract or law,Yes,,MN,55119
23907689,2026-07-06,EdFinancial Services,Student loan,Federal student loan servicing,Dealing with your lender or servicer,Trouble with how payments are being handled,Web,2026-07-06,Closed with explanation,,Yes,,MO,64119
23908038,2026-07-06,MOHELA,Student loan,Federal student loan servicing,Dealing with your lender or servicer,Problem with customer service,Web,2026-07-06,Untimely response,,No,,WI,548XX
23910159,2026-07-06,MOHELA,Student loan,Federal student loan servicing,Dealing with your lender or servicer,Trouble with how payments are being handled,Web,2026-07-06,Untimely response,,No,,CA,94043
23910846,2026-07-06,MOHELA,Student loan,Federal student loan servicing,Dealing with your lender or servicer,Trouble with how payments are being handled,Web,2026-07-06,Untimely response,,No,,VA,230XX
23912769,2026-07-06,MOHELA,Student loan,Federal student loan servicing,Dealing with your lender or servicer,Trouble with how payments are being handled,Web,2026-07-06,Untimely response,,No,Servicemember,IN,47714
23913367,2026-07-06,MOHELA,Student loan,Federal student loan servicing,Dealing with your lender or servicer,Received bad information about your loan,Web,2026-07-06,Untimely response,,No,Servicemember,AL,368XX
23915167,2026-07-06,SLM CORPORATION,Student loan,Private student loan,Dealing with your lender or servicer,Trouble with how payments are being handled,Web,2026-07-06,Closed with explanation,Company believes it acted appropriately as authorized by contract or law,Yes,,NV,89502
23915625,2026-07-06,"Maximus Federal Services, Inc.",Student loan,Federal student loan servicing,Dealing with your lender or servicer,Trouble with how payments are being handled,Web,2026-07-06,Closed with explanation,,Yes,,RI,028XX
23916237,2026-07-06,MOHELA,Student loan,Federal student loan servicing,Dealing with your lender or servicer,Problem with customer service,Web,2026-07-06,Untimely response,,No,,NJ,080XX
23917983,2026-07-06,EdFinancial Services,Student loan,Federal student loan servicing,Dealing with your lender or servicer,Trouble with how payments are being handled,Web,2026-07-06,Closed with explanation,,Yes,,OR,970XX
23918901,2026-07-06,"Navient Solutions, LLC.",Student loan,Private student loan,Dealing with your lender or servicer,Received bad information about your loan,Web,2026-07-06,Closed with explanation,,Yes,,IL,610XX
23919089,2026-07-06,"Maximus Federal Services, Inc.",Student loan,Federal student loan servicing,Dealing with your lender or servicer,Received bad information about your loan,Web,2026-07-06,Closed with explanation,,Yes,Servicemember,NV,89119
23920211,2026-07-06,MOHELA,Student loan,Federal student loan servicing,Dealing with your lender or servicer,Trouble with how payments are being handled,Web,2026-07-06,Untimely response,,No,Servicemember,IN,47714
23921400,2026-07-06,MOHELA,Student loan,Federal student loan servicing,Dealing with your lender or servicer,Received bad information about your loan,Web,2026-07-07,Untimely response,,No,,KY,42103
23921587,2026-07-07,MOHELA,Student loan,Federal student loan servicing,Dealing with your lender or servicer,Problem with customer service,Web,2026-07-07,Untimely response,,No,,TX,76226
23925580,2026-07-07,MOHELA,Student loan,Federal student loan servicing,Dealing with your lender or servicer,Received bad information about your loan,Web,2026-07-07,Untimely response,,No,Servicemember,IN,47714
23926352,2026-07-07,MOHELA,Student loan,Federal student loan servicing,Dealing with your lender or servicer,Received bad information about your loan,Web,2026-07-07,Untimely response,,No,Servicemember,IN,47714
23927623,2026-07-07,MOHELA,Student loan,Federal student loan servicing,Dealing with your lender or servicer,Trouble with how payments are being handled,Web,2026-07-07,Untimely response,,No,Servicemember,IN,47714
23927661,2026-07-07,MOHELA,Student loan,Private student loan,Dealing with your lender or servicer,Received bad information about your loan,Web,2026-07-07,Closed with explanation,,Yes,,GA,30046
23932097,2026-07-07,MOHELA,Student loan,Federal student loan servicing,Dealing with your lender or servicer,Trouble with how payments are being handled,Web,2026-07-07,Untimely response,,No,Servicemember,IN,47714
23937213,2026-07-07,MOHELA,Student loan,Federal student loan servicing,Dealing with your lender or servicer,Trouble with how payments are being handled,Web,2026-07-07,Untimely response,,No,,AL,350XX
23941326,2026-07-07,MOHELA,Student loan,Federal student loan servicing,Dealing with your lender or servicer,Need information about your loan balance or loan terms,Web,2026-07-07,Closed with explanation,,Yes,,OR,XXXXX
23941782,2026-07-07,"Navient Solutions, LLC.",Student loan,Private student loan,Dealing with your lender or servicer,Don't agree with the fees charged,Web,2026-07-07,Closed with explanation,,Yes,,NC,27127
23941991,2026-07-07,MOHELA,Student loan,Federal student loan servicing,Dealing with your lender or servicer,Trouble with how payments are being handled,Web,2026-07-07,Untimely response,,No,,FL,342XX
23944217,2026-07-07,"Nelnet, Inc.",Student loan,Federal student loan servicing,Dealing with your lender or servicer,Received bad information about your loan,Web,2026-07-07,Closed with explanation,,Yes,,NJ,070XX
23946539,2026-07-07,AES/PHEAA,Student loan,Private student loan,Dealing with your lender or servicer,Trouble with how payments are being handled,Web,2026-07-07,Closed with explanation,,Yes,,TX,752XX
23947308,2026-07-07,MOHELA,Student loan,Federal student loan servicing,Dealing with your lender or servicer,Received bad information about your loan,Web,2026-07-07,Untimely response,,No,,MA,02150
23949894,2026-07-07,"Nelnet, Inc.",Student loan,Federal student loan servicing,Dealing with your lender or servicer,Trouble with how payments are being handled,Web,2026-07-07,Closed with explanation,,Yes,,MN,55416
23950171,2026-07-07,"Nelnet, Inc.",Student loan,Federal student loan servicing,Dealing with your lender or servicer,Received bad information about your loan,Web,2026-07-07,Closed with explanation,,Yes,Servicemember,CO,809XX
23950915,2026-07-07,MOHELA,Student loan,Federal student loan servicing,Dealing with your lender or servicer,Received bad information about your loan,Web,2026-07-07,Untimely response,,No,,TX,79924
23952276,2026-07-07,MOHELA,Student loan,Federal student loan servicing,Dealing with your lender or servicer,Received bad information about your loan,Web,2026-07-07,Untimely response,,No,Servicemember,MI,494XX
23954228,2026-07-07,"Nelnet, Inc.",Student loan,Private student loan,Dealing with your lender or servicer,Need information about your loan balance or loan terms,Web,2026-07-07,Closed with explanation,,Yes,,PA,190XX
23956986,2026-07-07,"SOFI TECHNOLOGIES, INC.",Student loan,Private student loan,Dealing with your lender or servicer,Trouble with how payments are being handled,Web,2026-07-07,Closed with explanation,,Yes,,GA,30024
23963809,2026-07-07,MOHELA,Student loan,Private student loan,Dealing with your lender or servicer,Received bad information about your loan,Web,2026-07-08,Closed with explanation,,Yes,,CA,926XX
23967979,2026-07-08,"Nelnet, Inc.",Student loan,Federal student loan servicing,Dealing with your lender or servicer,Keep getting calls about your loan,Web,2026-07-08,Closed with explanation,,Yes,,IA,50265
23969831,2026-07-08,"Goal Structured Solutions, LLC",Student loan,Private student loan,Dealing with your lender or servicer,Received bad information about your loan,Web,2026-07-08,Closed with explanation,,Yes,,CA,91325
23969903,2026-07-08,MOHELA,Student loan,Federal student loan servicing,Dealing with your lender or servicer,Problem with customer service,Web,2026-07-08,Untimely response,,No,,TX,76123
23976221,2026-07-08,"Nelnet, Inc.",Student loan,Private student loan,Dealing with your lender or servicer,Received bad information about your loan,Web,2026-07-08,Closed with explanation,,Yes,,OK,74403
23989850,2026-07-08,MOHELA,Student loan,Federal student loan servicing,Dealing with your lender or servicer,Problem with customer service,Web,2026-07-08,Closed with explanation,,Yes,,MI,486XX
23996433,2026-07-08,MOHELA,Student loan,Federal student loan servicing,Dealing with your lender or servicer,Problem with customer service,Web,2026-07-08,Untimely response,,No,,CA,920XX
23996814,2026-07-08,MOHELA,Student loan,Federal student loan servicing,Dealing with your lender or servicer,Trouble with how payments are being handled,Web,2026-07-08,Untimely response,,No,Servicemember,NV,89156
23996927,2026-07-08,MOHELA,Student loan,Federal student loan servicing,Dealing with your lender or servicer,Received bad information about your loan,Web,2026-07-08,Untimely response,,No,,GA,30907
23997587,2026-07-08,MOHELA,Student loan,Private student loan,Dealing with your lender or servicer,Need information about your loan balance or loan terms,Web,2026-07-08,Closed with explanation,,Yes,,NC,27127
24001127,2026-07-08,"SOFI TECHNOLOGIES, INC.",Student loan,Private student loan,Dealing with your lender or servicer,Co-signer,Web,2026-07-08,Closed with explanation,,Yes,Servicemember,MO,64081
24001546,2026-07-08,MOHELA,Student loan,Federal student loan servicing,Dealing with your lender or servicer,Trouble with how payments are being handled,Web,2026-07-08,Untimely response,,No,,CA,92821
24005597,2026-07-08,MOHELA,Student loan,Federal student loan servicing,Dealing with your lender or servicer,Don't agree with the fees charged,Web,2026-07-08,Untimely response,,No,,FL,33647
24012871,2026-07-09,MOHELA,Student loan,Federal student loan servicing,Dealing with your lender or servicer,Received bad information about your loan,Web,2026-07-09,Untimely response,,No,,PA,194XX
24015371,2026-07-09,Central Research Inc,Student loan,Federal student loan servicing,Dealing with your lender or servicer,Trouble with how payments are being handled,Web,2026-07-09,Closed with explanation,,No,,NC,287XX
24022037,2026-07-09,MOHELA,Student loan,Federal student loan servicing,Dealing with your lender or servicer,Problem with customer service,Web,2026-07-09,Untimely response,,No,,NY,146XX
24025728,2026-07-09,MOHELA,Student loan,Federal student loan servicing,Dealing with your lender or servicer,Trouble with how payments are being handled,Web,2026-07-09,Untimely response,,No,Servicemember,NC,27332
24026585,2026-07-09,"Nelnet, Inc.",Student loan,Federal student loan servicing,Dealing with your lender or servicer,Received bad information about your loan,Web,2026-07-09,Closed with explanation,,Yes,,MI,488XX
24027085,2026-07-09,MOHELA,Student loan,Federal student loan servicing,Dealing with your lender or servicer,Received bad information about your loan,Web,2026-07-09,Untimely response,,No,,NY,12180
24030185,2026-07-09,MOHELA,Student loan,Federal student loan servicing,Dealing with your lender or servicer,Trouble with how payments are being handled,Web,2026-07-09,Untimely response,,No,,PA,156XX
24113161,2026-07-12,MOHELA,Student loan,Federal student loan servicing,Dealing with your lender or servicer,Received bad information about your loan,Web,2026-07-12,Untimely response,,No,Servicemember,IN,47714
24116153,2026-07-12,Climb Credit Inc.,Student loan,Private student loan,Dealing with your lender or servicer,Don't agree with the fees charged,Web,2026-07-12,Closed with explanation,,Yes,,MN,551XX
24118169,2026-07-12,MOHELA,Student loan,Federal student loan servicing,Dealing with your lender or servicer,Trouble with how payments are being handled,Web,2026-07-12,Untimely response,,No,,CA,95037
24118887,2026-07-12,MOHELA,Student loan,Federal student loan servicing,Dealing with your lender or servicer,Received bad information about your loan,Web,2026-07-12,Untimely response,,No,,AL,36116
24119584,2026-07-12,MOHELA,Student loan,Federal student loan servicing,Dealing with your lender or servicer,Problem with customer service,Web,2026-07-12,Untimely response,,No,Servicemember,IN,473XX
24119729,2026-07-12,SLM CORPORATION,Student loan,Private student loan,Dealing with your lender or servicer,Keep getting calls about your loan,Web,2026-07-12,Closed with explanation,Company believes it acted appropriately as authorized by contract or law,Yes,,FL,33810
24120658,2026-07-12,MOHELA,Student loan,Private student loan,Dealing with your lender or servicer,Received bad information about your loan,Web,2026-07-12,Untimely response,,No,,VA,22903
24121471,2026-07-12,MOHELA,Student loan,Federal student loan servicing,Dealing with your lender or servicer,Trouble with how payments are being handled,Web,2026-07-12,Untimely response,,No,Older American,PA,170XX
24122743,2026-07-13,HEARTLAND PAYMENT SYSTEMS INC,Student loan,Federal student loan servicing,Dealing with your lender or servicer,Trouble with how payments are being handled,Web,2026-07-13,Closed with explanation,,Yes,,AZ,85018
24122780,2026-07-13,"Maximus Federal Services, Inc.",Student loan,Federal student loan servicing,Dealing with your lender or servicer,Received bad information about your loan,Web,2026-07-13,Closed with explanation,,Yes,,FL,32839
24122918,2026-07-13,"Maximus Federal Services, Inc.",Student loan,Federal student loan servicing,Dealing with your lender or servicer,Trouble with how payments are being handled,Web,2026-07-13,Closed with explanation,,Yes,,AZ,85018
24123184,2026-07-13,Servicer under contract with Federal Student Aid,Student loan,Federal student loan servicing,Dealing with your lender or servicer,Received bad information about your loan,Web,2026-07-13,Untimely response,,No,,FL,32829
24129004,2026-07-13,EdFinancial Services,Student loan,Federal student loan servicing,Dealing with your lender or servicer,Received bad information about your loan,Web,2026-07-13,Closed with explanation,,Yes,Servicemember,OK,744XX
24131017,2026-07-13,"Nelnet, Inc.",Student loan,Federal student loan servicing,Dealing with your lender or servicer,Trouble with how payments are being handled,Web,2026-07-13,Closed with explanation,,Yes,,PA,159XX
24132680,2026-07-13,TRANSWORLD SYSTEMS INC,Student loan,Federal student loan servicing,Dealing with your lender or servicer,Received bad information about your loan,Web,2026-07-13,Closed with explanation,,Yes,,MA,015XX
24132830,2026-07-13,AES/PHEAA,Student loan,Federal student loan servicing,Dealing with your lender or servicer,Received bad information about your loan,Web,2026-07-13,Closed with explanation,,Yes,,IL,601XX
24133293,2026-07-13,MOHELA,Student loan,Federal student loan servicing,Dealing with your lender or servicer,Received bad information about your loan,Web,2026-07-13,Untimely response,,No,,MA,02143
24133939,2026-07-13,MOHELA,Student loan,Federal student loan servicing,Dealing with your lender or servicer,Trouble with how payments are being handled,Web,2026-07-13,Untimely response,,No,,IL,60630
24135878,2026-07-13,MOHELA,Student loan,Federal student loan servicing,Dealing with your lender or servicer,Trouble with how payments are being handled,Web,2026-07-13,Untimely response,,No,,WY,82001
24137210,2026-07-13,MOHELA,Student loan,Federal student loan servicing,Dealing with your lender or servicer,Problem with customer service,Web,2026-07-13,Untimely response,,No,,TX,78621
24137401,2026-07-13,Climb Credit Inc.,Student loan,Private student loan,Dealing with your lender or servicer,Received bad information about your loan,Web,2026-07-13,Closed with explanation,,Yes,Servicemember,NC,285XX
24138423,2026-07-13,EdFinancial Services,Student loan,Federal student loan servicing,Dealing with your lender or servicer,Trouble with how payments are being handled,Web,2026-07-13,Closed with explanation,,Yes,,NJ,07675
24142457,2026-07-13,"Nelnet, Inc.",Student loan,Federal student loan servicing,Dealing with your lender or servicer,Received bad information about your loan,Web,2026-07-13,Closed with explanation,,Yes,,OH,451XX
24150689,2026-07-13,MOHELA,Student loan,Federal student loan servicing,Dealing with your lender or servicer,Problem with customer service,Web,2026-07-13,Untimely response,,No,,PA,17202
24152164,2026-07-13,MOHELA,Student loan,Federal student loan servicing,Dealing with your lender or servicer,Received bad information about your loan,Web,2026-07-13,Untimely response,,No,,KY,40229
24158118,2026-07-14,"Maximus Federal Services, Inc.",Student loan,Federal student loan servicing,Dealing with your lender or servicer,Received bad information about your loan,Web,2026-07-14,Closed with explanation,,Yes,,IL,60076
24160608,2026-07-14,MOHELA,Student loan,Federal student loan servicing,Dealing with your lender or servicer,Trouble with how payments are being handled,Web,2026-07-14,Untimely response,,No,,TX,76017
24161133,2026-07-14,MOHELA,Student loan,Federal student loan servicing,Dealing with your lender or servicer,Received bad information about your loan,Web,2026-07-14,Closed with explanation,,Yes,,FL,330XX
24175596,2026-07-14,"Maximus Federal Services, Inc.",Student loan,Federal student loan servicing,Dealing with your lender or servicer,Trouble with how payments are being handled,Web,2026-07-14,Closed with explanation,,Yes,,OR,97213
24177837,2026-07-14,"Nelnet, Inc.",Student loan,Private student loan,Dealing with your lender or servicer,Received bad information about your loan,Web,2026-07-14,Closed with explanation,,Yes,,OK,74403
24178021,2026-07-14,MOHELA,Student loan,Federal student loan servicing,Dealing with your lender or servicer,Received bad information about your loan,Web,2026-07-14,Untimely response,,No,,MA,01002
24180218,2026-07-14,"Nelnet, Inc.",Student loan,Federal student loan servicing,Dealing with your lender or servicer,Trouble with how payments are being handled,Web,2026-07-14,Closed with explanation,,Yes,,CA,92592
24183097,2026-07-14,"Nelnet, Inc.",Student loan,Federal student loan servicing,Dealing with your lender or servicer,Need information about your loan balance or loan terms,Web,2026-07-14,Closed with explanation,,Yes,,WA,980XX
24183168,2026-07-14,"Nelnet, Inc.",Student loan,Federal student loan servicing,Dealing with your lender or servicer,Trouble with how payments are being handled,Web,2026-07-14,Closed with explanation,,Yes,Servicemember,WA,982XX
24184370,2026-07-14,MOHELA,Student loan,Federal student loan servicing,Dealing with your lender or servicer,Received bad information about your loan,Web,2026-07-14,Untimely response,,No,,CA,92804
24185786,2026-07-14,Servicer under contract with Federal Student Aid,Student loan,Federal student loan servicing,Dealing with your lender or servicer,Trouble with how payments are being handled,Web,2026-07-14,Untimely response,,No,,MS,391XX
24186112,2026-07-14,WELLS FARGO & COMPANY,Student loan,Private student loan,Dealing with your lender or servicer,Trouble with how payments are being handled,Web,2026-07-14,Closed with explanation,Company has responded to the consumer and the CFPB and chooses not to provide a public response,Yes,,IL,60134
24189487,2026-07-14,SLM CORPORATION,Student loan,Private student loan,Dealing with your lender or servicer,Keep getting calls about your loan,Web,2026-07-14,Closed with explanation,Company believes it acted appropriately as authorized by contract or law,Yes,,OH,44224
24190054,2026-07-14,"Nelnet, Inc.",Student loan,Federal student loan servicing,Dealing with your lender or servicer,Received bad information about your loan,Web,2026-07-14,Closed with explanation,,Yes,,TX,774XX
24190258,2026-07-14,"Maximus Federal Services, Inc.",Student loan,Federal student loan servicing,Dealing with your lender or servicer,Received bad information about your loan,Web,2026-07-14,Closed with explanation,,Yes,,MO,631XX
24192867,2026-07-14,MOHELA,Student loan,Private student loan,Dealing with your lender or servicer,Received bad information about your loan,Web,2026-07-14,Closed with explanation,,Yes,,TX,752XX
24193646,2026-07-14,MOHELA,Student loan,Federal student loan servicing,Dealing with your lender or servicer,Trouble with how payments are being handled,Web,2026-07-14,Untimely response,,No,,CT,063XX
24196654,2026-07-14,MOHELA,Student loan,Federal student loan servicing,Dealing with your lender or servicer,Problem with customer service,Web,2026-07-14,Untimely response,,No,,OH,45039
24196749,2026-07-14,"MPOWER Financing, Public Benefit Corporation",Student loan,Private student loan,Dealing with your lender or servicer,Need information about your loan balance or loan terms,Web,2026-07-14,Closed with explanation,Company believes the complaint provided an opportunity to answer consumer's questions,Yes,,TX,751XX
24198321,2026-07-14,"Maximus Federal Services, Inc.",Student loan,Federal student loan servicing,Dealing with your lender or servicer,Don't agree with the fees charged,Web,2026-07-14,Closed with explanation,,Yes,,MD,217XX
24198676,2026-07-14,SLM CORPORATION,Student loan,Private student loan,Dealing with your lender or servicer,Trouble with how payments are being handled,Web,2026-07-14,Closed with monetary relief,Company believes complaint is the result of an isolated error,Yes,,VA,23434
24205963,2026-07-15,MOHELA,Student loan,Federal student loan servicing,Dealing with your lender or servicer,Received bad information about your loan,Web,2026-07-15,In progress,,Yes,,NJ,070XX
24207749,2026-07-15,"Nelnet, Inc.",Student loan,Federal student loan servicing,Dealing with your lender or servicer,Keep getting calls about your loan,Web,2026-07-15,Closed with explanation,,Yes,,OR,97520
24209649,2026-07-15,"Nelnet, Inc.",Student loan,Federal student loan servicing,Dealing with your lender or servicer,Problem with customer service,Web,2026-07-15,Closed with explanation,,Yes,,MA,02072
24211297,2026-07-15,MOHELA,Student loan,Federal student loan servicing,Dealing with your lender or servicer,Trouble with how payments are being handled,Web,2026-07-15,In progress,,Yes,,NY,10029
24213967,2026-07-15,"Higher Education Servicing Corporation, Inc.",Student loan,Federal student loan servicing,Dealing with your lender or servicer,Received bad information about your loan,Web,2026-07-15,Closed with explanation,Company has responded to the consumer and the CFPB and chooses not to provide a public response,Yes,,OK,74403
24225184,2026-07-15,SLM CORPORATION,Student loan,Private student loan,Dealing with your lender or servicer,Received bad information about your loan,Web,2026-07-15,Closed with explanation,Company believes it acted appropriately as authorized by contract or law,Yes,,FL,32757
24228229,2026-07-15,SLM CORPORATION,Student loan,Private student loan,Dealing with your lender or servicer,Received bad information about your loan,Web,2026-07-15,Closed with explanation,Company believes it acted appropriately as authorized by contract or law,Yes,,MO,64114
24242700,2026-07-15,SLM CORPORATION,Student loan,Private student loan,Dealing with your lender or servicer,Co-signer,Web,2026-07-15,Closed with explanation,Company believes complaint is the result of an isolated error,Yes,,OK,73130
24397848,2026-07-20,MOHELA,Student loan,Federal student loan servicing,Dealing with your lender or servicer,Trouble with how payments are being handled,Web,2026-07-20,Closed with explanation,Company believes it acted appropriately as authorized by contract or law,Yes,,CO,802XX
24417752,2026-07-21,SLM CORPORATION,Student loan,Private student loan,Dealing with your lender or servicer,Received bad information about your loan,Web,2026-07-21,Closed with explanation,Company believes it acted appropriately as authorized by contract or law,Yes,,PA,19138
24440847,2026-07-21,"COAST PROFESSIONAL, INC.",Student loan,Federal student loan servicing,Dealing with your lender or servicer,Received bad information about your loan,Web,2026-07-21,Closed with explanation,Company has responded to the consumer and the CFPB and chooses not to provide a public response,Yes,,CA,90048
24459010,2026-07-22,MOHELA,Student loan,Federal student loan servicing,Dealing with your lender or servicer,Trouble with how payments are being handled,Web,2026-07-22,Closed with explanation,Company believes it acted appropriately as authorized by contract or law,Yes,,CA,90045
24504809,2026-07-23,MOHELA,Student loan,Federal student loan servicing,Dealing with your lender or servicer,Received bad information about your loan,Web,2026-07-23,Closed with explanation,Company believes it acted appropriately as authorized by contract or law,Yes,,TX,756XX
24534691,2026-07-23,ZuntaFi Corp,Student loan,Private student loan,Dealing with your lender or servicer,Problem with customer service,Web,2026-07-23,Closed with explanation,Company believes it acted appropriately as authorized by contract or law,Yes,,MN,550XX
24603746,2026-07-25,MOHELA,Student loan,Federal student loan servicing,Dealing with your lender or servicer,Received bad information about your loan,Web,2026-07-26,Closed with explanation,Company believes it acted appropriately as authorized by contract or law,Yes,,CA,900XX
24692877,2026-07-28,"ECMC GROUP, INC.",Student loan,Federal student loan servicing,Dealing with your lender or servicer,Received bad information about your loan,Web,2026-07-28,Closed with explanation,Company has responded to the consumer and the CFPB and chooses not to provide a public response,Yes,Servicemember,AL,36526
